MINUTE;5;5;10;10;15;15;20;20;25;25;30;30;35;35;40;40;45;45;45.05;45.05;45.1;45.1;50;50;55;55;60;60;65;65;70;70;75;75;80;80;85;85;90;90;90.05;90.05;90.1;90.1;total;total;METRIC
FEATURE;Distance (m);Distance/Min (m);Distance (m);Distance/Min (m);Distance (m);Distance/Min (m);Distance (m);Distance/Min (m);Distance (m);Distance/Min (m);Distance (m);Distance/Min (m);Distance (m);Distance/Min (m);Distance (m);Distance/Min (m);Distance (m);Distance/Min (m);Distance (m);Distance/Min (m);Distance (m);Distance/Min (m);Distance (m);Distance/Min (m);Distance (m);Distance/Min (m);Distance (m);Distance/Min (m);Distance (m);Distance/Min (m);Distance (m);Distance/Min (m);Distance (m);Distance/Min (m);Distance (m);Distance/Min (m);Distance (m);Distance/Min (m);Distance (m);Distance/Min (m);Distance (m);Distance/Min (m);Distance (m);Distance/Min (m);Match Totals (m);Avg. Distance/Min (m);
PLAYER;;;;;;;;;;;;;;;;;;;;;;;;;;;;;;;;;;;;;;;;;;;;;;;
22978;625.29;125.06;834.62;166.92;651.0;130.2;652.29;130.46;499.66;99.93;662.54;132.51;598.9;119.78;583.65;116.73;624.99;125.0;93.41;55.27;0;0;734.6;146.92;715.71;143.14;525.3;105.06;533.27;106.65;565.04;113.01;676.29;135.26;351.31;70.26;639.97;127.99;637.3;127.46;501.85;127.59;0;0;11706.59;122.43;Gross Distance (Total)
22978;364.82;148.4;719.63;201.67;537.95;151.11;510.77;144.49;297.45;152.02;594.56;142.35;394.66;145.63;406.19;192.96;345.43;158.33;6.73;57.69;0;0;574.55;175.35;489.13;184.69;376.55;142.63;295.98;149.36;388.74;147.9;582.1;168.08;164.61;142.73;365.28;185.26;414.33;157.54;363.02;164.39;0;0;8192.47;160.73;Net Distance (Total)
22978;86.83;35.32;230.84;64.69;150.41;42.25;161.83;45.78;178.64;91.3;139.23;33.34;151.34;55.85;247.34;117.5;171.81;78.75;0.0;0.0;0;0;157.41;48.04;223.07;84.23;172.5;65.34;156.98;79.22;196.4;74.72;192.49;55.58;48.8;42.31;185.05;93.85;167.73;63.78;143.73;65.09;0;0;;172.0;Net Distance (Total) - DEF
22978;156.65;63.72;183.42;51.4;136.87;38.45;133.23;37.69;142.47;72.81;140.02;33.52;138.03;50.93;170.42;80.96;154.2;70.68;0.0;0.0;0;0;174.5;53.26;169.01;63.82;144.46;54.72;167.4;84.47;116.18;44.2;134.7;38.89;150.14;130.18;129.58;65.72;148.37;56.41;161.76;73.25;0;0;;150.27;Net Distance (Total) - ATT
22978;212.91;42.58;148.02;29.6;202.29;40.46;206.26;41.25;230.97;46.19;207.8;41.56;183.34;36.67;153.81;30.76;218.76;43.75;70.75;41.86;0;0;206.52;41.3;210.96;42.19;198.46;39.69;209.81;41.96;208.86;41.77;174.25;34.85;167.87;33.57;200.34;40.07;204.72;40.94;135.51;34.45;0;0;3752.22;39.24;Gross Distance (0 - 7.0 km/h)
22978;100.08;40.71;65.41;18.33;133.38;37.47;107.32;30.36;69.06;35.29;169.03;40.47;87.15;32.16;42.31;20.1;81.15;37.2;6.73;57.69;0;0;134.23;40.97;56.4;21.3;86.46;32.75;62.15;31.36;91.27;34.73;100.06;28.89;39.33;34.1;52.52;26.64;93.7;35.63;58.58;26.53;0;0;1636.31;32.1;Net Distance (0 - 7.0 km/h)
22978;59.62;24.25;5.79;1.62;32.48;9.12;23.42;6.63;31.26;15.98;33.61;8.05;27.18;10.03;15.28;7.26;27.95;12.81;0.0;0.0;0;0;22.46;6.85;10.81;4.08;37.81;14.32;28.18;14.22;17.39;6.62;18.41;5.32;48.8;42.31;14.33;7.27;22.63;8.6;40.07;18.14;0;0;;24.41;Net Distance (0 - 7.0 km/h) - DEF
22978;40.8;16.6;31.84;8.92;46.78;13.14;34.84;9.86;44.3;22.64;40.84;9.78;39.89;14.72;27.58;13.1;39.08;17.91;0.0;0.0;0;0;25.49;7.78;28.9;10.91;34.14;12.93;26.07;13.16;49.09;18.68;31.01;8.95;34.14;29.6;46.57;23.62;38.31;14.57;14.5;6.57;0;0;;36.06;Net Distance (0 - 7.0 km/h) - ATT
22978;264.6;52.92;356.6;71.32;277.7;55.54;310.29;62.06;163.14;32.63;272.08;54.42;311.98;62.4;236.73;47.35;266.22;53.24;22.66;13.41;0;0;351.86;70.37;294.75;58.95;220.82;44.16;207.1;41.42;230.63;46.13;304.49;60.9;145.77;29.15;255.37;51.07;260.8;52.16;252.7;64.25;0;0;5006.31;52.36;Gross Distance (7.0 - 15.0 km/h)
22978;154.85;62.99;324.56;90.96;236.82;66.52;268.08;75.84;129.01;65.93;242.88;58.15;203.92;75.25;172.52;81.96;126.63;58.04;0.0;0.0;0;0;284.08;86.7;224.14;84.63;184.08;69.73;136.52;68.89;176.97;67.33;284.48;82.14;90.15;78.16;153.85;78.03;189.4;72.02;191.19;86.58;0;0;3774.13;74.05;Net Distance (7.0 - 15.0 km/h)
22978;27.21;11.07;113.08;31.69;83.99;23.59;90.41;25.58;44.38;22.68;83.32;19.95;82.6;30.48;70.44;33.46;66.34;30.41;0.0;0.0;0;0;119.7;36.53;89.01;33.61;12.99;4.92;53.33;26.91;89.43;34.03;107.69;31.09;0.0;0.0;131.24;66.56;92.28;35.09;57.0;25.81;0;0;;87.26;Net Distance (7.0 - 15.0  km/h) - DEF
22978;73.94;30.08;71.9;20.15;40.01;11.24;51.48;14.56;63.13;32.26;53.87;12.9;72.41;26.72;69.34;32.94;54.47;24.97;0.0;0.0;0;0;69.06;21.08;73.79;27.86;70.74;26.8;86.42;43.61;33.02;12.56;73.4;21.19;90.83;78.75;26.1;13.24;74.15;28.19;113.68;51.48;0;0;;65.45;Net Distance (7.0 - 15.0  km/h) - ATT
22978;75.84;15.17;232.1;46.42;116.01;23.2;75.85;15.17;78.59;15.72;112.87;22.57;87.7;17.54;95.59;19.12;83.62;16.72;0.0;0.0;0;0;109.41;21.88;139.71;27.94;95.96;19.19;91.98;18.4;97.66;19.53;102.32;20.46;31.47;6.29;129.45;25.89;96.17;19.23;76.78;19.52;0;0;1928.69;20.17;Gross Distance (15.0 - 20.0 km/h)
22978;38.43;15.63;231.75;64.95;112.76;31.67;75.49;21.36;72.42;37.01;112.87;27.02;87.7;32.36;94.66;44.97;81.25;37.24;0.0;0.0;0;0;94.44;28.82;138.3;52.22;95.96;36.35;72.95;36.81;92.62;35.24;102.32;29.54;28.93;25.08;106.63;54.08;68.38;26.0;76.38;34.59;0;0;1784.25;35.01;Net Distance (15.0 - 20.0 km/h)
22978;0.0;0.0;97.49;27.32;25.69;7.22;16.62;4.7;45.0;23.0;8.27;1.98;6.82;2.52;31.12;14.78;27.85;12.77;0.0;0.0;0;0;15.24;4.65;38.47;14.53;15.76;5.97;10.18;5.14;47.69;18.14;12.37;3.57;0.0;0.0;6.25;3.17;33.27;12.65;3.2;1.45;0;0;;25.02;Net Distance (15.0 - 20.0 km/h) - DEF
22978;6.23;2.53;13.37;3.75;13.99;3.93;7.19;2.03;11.12;5.68;17.55;4.2;15.64;5.77;41.55;19.74;9.3;4.26;0.0;0.0;0;0;19.86;6.06;20.04;7.57;19.32;7.32;37.73;19.04;3.93;1.5;12.75;3.68;14.54;12.61;37.9;19.22;11.26;4.28;24.8;11.23;0;0;;15.85;Net Distance (15.0 - 20.0 km/h) - ATT
22978;38.79;7.76;66.5;13.3;28.46;5.69;52.94;10.59;23.98;4.8;36.33;7.27;15.88;3.18;65.29;13.06;43.39;8.68;0.0;0.0;0;0;66.09;13.22;47.17;9.43;10.06;2.01;21.84;4.37;26.52;5.3;84.03;16.81;6.2;1.24;38.15;7.63;58.5;11.7;18.97;4.82;0;0;749.08;7.83;Gross Distance (20.0 - 25.0 km/h)
22978;38.3;15.58;66.5;18.64;28.46;7.99;52.94;14.98;23.98;12.26;36.33;8.7;15.88;5.86;64.47;30.63;43.39;19.89;0.0;0.0;0;0;61.1;18.65;47.17;17.81;10.06;3.81;21.84;11.02;26.52;10.09;84.03;24.26;6.2;5.38;36.19;18.36;45.74;17.39;18.97;8.59;0;0;728.06;14.28;Net Distance (20.0 - 25.0 km/h)
22978;0.0;0.0;13.7;3.84;8.24;2.31;7.92;2.24;28.47;14.55;14.03;3.36;34.75;12.82;2.35;1.12;26.41;12.11;0.0;0.0;0;0;0.0;0.0;52.5;19.82;105.94;40.13;37.57;18.96;41.89;15.94;15.83;4.57;0.0;0.0;6.77;3.43;19.55;7.43;5.23;2.37;0;0;;18.5;Net Distance (20.0 - 25.0 km/h) - DEF
22978;10.1;4.11;30.12;8.44;7.33;2.06;15.89;4.5;17.31;8.85;8.76;2.1;7.55;2.79;15.59;7.41;23.02;10.55;0.0;0.0;0;0;22.12;6.75;20.51;7.74;14.52;5.5;7.03;3.55;6.91;2.63;11.45;3.31;10.64;9.23;10.67;5.41;4.52;1.72;2.63;1.19;0;0;;13.62;Net Distance (20.0 - 25.0 km/h) - ATT
22978;33.15;6.63;31.4;6.28;26.53;5.31;6.95;1.39;2.97;0.59;33.46;6.69;0.0;0.0;32.23;6.45;13.0;2.6;0.0;0.0;0;0;0.71;0.14;23.12;4.62;0.0;0.0;2.52;0.5;1.36;0.27;11.2;2.24;0.0;0.0;16.66;3.33;17.11;3.42;17.89;4.55;0;0;270.29;2.83;Gross Distance (> 25.0 km/h)
22978;33.15;13.48;31.4;8.8;26.53;7.45;6.95;1.97;2.97;1.52;33.46;8.01;0.0;0.0;32.23;15.31;13.0;5.96;0.0;0.0;0;0;0.71;0.22;23.12;8.73;0.0;0.0;2.52;1.27;1.36;0.52;11.2;3.23;0.0;0.0;16.09;8.16;17.11;6.51;17.89;8.1;0;0;269.72;5.29;Net Distance (> 25.0 km/h)
22978;0.0;0.0;0.79;0.22;0.0;0.0;23.47;6.64;29.53;15.09;0.0;0.0;0.0;0.0;50.24;23.87;23.26;10.66;0.0;0.0;0;0;0.0;0.0;32.28;12.19;0.0;0.0;27.73;13.99;0.0;0.0;35.58;10.27;0.0;0.0;26.45;13.42;0.0;0.0;9.75;4.42;0;0;;13.83;Net Distance (> 25.0 km/h) - DEF
22978;15.43;6.28;16.43;4.6;12.64;3.55;17.72;5.01;5.78;2.95;9.83;2.35;2.54;0.94;16.35;7.77;19.56;8.97;0.0;0.0;0;0;37.5;11.44;5.22;1.97;5.74;2.17;10.16;5.13;22.01;8.37;6.09;1.76;0.0;0.0;4.75;2.41;20.14;7.66;6.16;2.79;0;0;;13.24;Net Distance (> 25.0 km/h) - ATT
22978;3.0;1.22;7.0;1.96;6.0;1.69;4.0;1.13;4.0;2.04;9.0;2.15;5.0;1.85;6.0;2.85;4.0;1.83;0.0;0.0;0;0;7.0;2.14;4.0;1.51;5.0;1.89;5.0;2.52;4.0;1.52;5.0;1.44;2.0;1.73;6.0;3.04;6.0;2.28;6.0;2.72;0;0;98.0;1.92;Run Count (>1.0s | 15.0 - 20.0 km/h)
22978;2.0;0.81;4.0;1.12;1.0;0.28;1.0;0.28;2.0;1.02;1.0;0.24;1.0;0.37;1.0;0.48;2.0;0.92;0.0;0.0;0;0;5.0;1.53;3.0;1.13;1.0;0.38;2.0;1.01;2.0;0.76;5.0;1.44;1.0;0.87;2.0;1.01;2.0;0.76;1.0;0.45;0;0;39.0;0.77;High Intensity Run Count (>1.0s | 20.0 - 25.0 km/h)
22978;2.0;0.81;1.0;0.28;1.0;0.28;1.0;0.28;0.0;0.0;1.0;0.24;0.0;0.0;2.0;0.95;1.0;0.46;0.0;0.0;0;0;0.0;0.0;1.0;0.38;0.0;0.0;0.0;0.0;0.0;0.0;1.0;0.29;0.0;0.0;1.0;0.51;1.0;0.38;1.0;0.45;0;0;14.0;0.27;Sprint Count (>1.0s | >25.0 km/h)
32302;627.95;125.59;602.3;120.46;526.83;105.37;588.57;117.71;425.55;85.11;564.35;112.87;534.11;106.82;588.5;117.7;507.76;101.55;73.17;43.3;0;0;750.38;150.08;506.11;101.22;567.56;113.51;506.89;101.38;604.65;120.93;487.21;97.44;358.02;71.6;550.21;110.04;539.33;107.87;381.88;97.09;0;0;10291.08;107.62;Gross Distance (Total)
32302;378.55;153.99;497.83;139.51;451.95;126.95;474.43;134.21;252.46;129.03;520.57;124.64;341.81;126.13;350.9;166.7;288.89;132.42;17.97;154.03;0;0;603.72;184.25;346.18;130.72;410.33;155.43;238.43;120.32;416.15;158.33;409.53;118.25;170.81;148.1;273.13;138.53;383.49;145.81;269.7;122.13;0;0;7096.82;139.24;Net Distance (Total)
32302;130.04;52.9;172.31;48.29;132.17;37.13;148.18;41.92;164.96;84.31;120.09;28.75;119.96;44.27;259.1;123.09;139.35;63.87;0.0;0.0;0;0;168.4;51.39;143.11;54.04;208.14;78.84;139.52;70.41;165.58;63.0;112.57;32.5;156.0;135.26;140.38;71.2;193.96;73.75;156.37;70.81;0;0;;147.55;Net Distance (Total) - DEF
32302;158.34;64.41;132.13;37.03;115.83;32.54;128.53;36.36;105.24;53.79;117.57;28.15;133.37;49.21;154.36;73.33;128.58;58.94;0.0;0.0;0;0;171.14;52.23;130.51;49.28;138.88;52.61;135.47;68.36;162.1;61.67;127.35;36.77;144.51;125.3;129.96;65.91;111.35;42.34;85.49;38.71;0;0;;132.4;Net Distance (Total) - ATT
32302;147.3;29.46;203.13;40.63;209.27;41.85;193.54;38.71;166.9;33.38;207.11;41.42;207.03;41.41;162.82;32.56;211.43;42.29;59.51;35.21;0;0;249.69;49.94;187.38;37.48;155.52;31.1;212.76;42.55;159.0;31.8;204.79;40.96;165.15;33.03;198.85;39.77;198.41;39.68;164.27;41.76;0;0;3663.87;38.32;Gross Distance (0 - 7.0 km/h)
32302;59.01;24.0;130.78;36.65;143.37;40.27;137.99;39.04;62.2;31.79;163.73;39.2;118.0;43.54;56.56;26.87;83.97;38.49;4.86;41.66;0;0;160.02;48.84;89.06;33.63;73.59;27.88;88.0;44.41;66.82;25.42;140.79;40.65;35.55;30.82;71.81;36.42;89.23;33.93;81.42;36.87;0;0;1856.76;36.43;Net Distance (0 - 7.0 km/h)
32302;40.64;16.53;24.72;6.93;44.93;12.62;33.65;9.52;19.85;10.14;45.1;10.8;45.14;16.66;13.0;6.18;40.84;18.72;0.0;0.0;0;0;19.28;5.88;30.5;11.52;47.71;18.07;49.67;25.06;25.27;9.61;44.99;12.99;50.33;43.64;28.84;14.63;25.51;9.7;33.83;15.32;0;0;;34.84;Net Distance (0 - 7.0 km/h) - DEF
32302;19.38;7.88;35.69;10.0;40.49;11.37;35.38;10.01;35.75;18.27;41.41;9.91;45.24;16.69;33.42;15.88;39.07;17.91;0.0;0.0;0;0;26.01;7.94;35.39;13.36;28.17;10.67;34.8;17.56;23.73;9.03;29.22;8.44;31.38;27.21;52.4;26.58;43.73;16.63;38.48;17.42;0;0;;34.71;Net Distance (0 - 7.0 km/h) - ATT
32302;429.16;85.83;304.96;60.99;265.36;53.07;322.02;64.4;201.69;40.34;303.13;60.63;289.34;57.87;234.95;46.99;254.42;50.88;8.2;4.85;0;0;314.0;62.8;259.8;51.96;264.24;52.85;195.39;39.08;323.24;64.65;249.39;49.88;152.55;30.51;301.17;60.23;236.32;47.26;183.81;46.73;0;0;5092.87;53.26;Gross Distance (7.0 - 15.0 km/h)
32302;297.35;120.96;272.84;76.46;256.38;72.02;263.42;74.52;133.3;68.13;302.74;72.48;186.07;68.66;173.51;82.43;163.3;74.85;7.66;65.66;0;0;258.9;79.01;204.36;77.17;212.03;80.31;108.49;54.75;255.78;97.32;235.71;68.06;107.57;93.27;151.46;76.82;191.21;72.7;154.48;69.95;0;0;3936.57;77.23;Net Distance (7.0 - 15.0 km/h)
32302;89.4;36.37;89.39;25.05;56.86;15.97;77.85;22.02;57.83;29.56;55.11;13.19;65.05;24.0;80.08;38.04;70.38;32.26;0.0;0.0;0;0;113.37;34.6;79.68;30.09;9.61;3.64;54.79;27.65;106.14;40.38;62.19;17.96;88.62;76.84;89.66;45.47;63.78;24.25;76.07;34.45;0;0;;74.66;Net Distance (7.0 - 15.0  km/h) - DEF
32302;126.69;51.53;79.4;22.25;75.34;21.16;85.84;24.28;69.49;35.51;71.52;17.12;67.25;24.82;78.81;37.44;72.58;33.27;0.0;0.0;0;0;65.6;20.02;81.96;30.95;89.25;33.81;72.76;36.72;106.19;40.4;72.85;21.03;93.19;80.8;36.77;18.65;60.23;22.9;47.01;21.29;0;0;;78.35;Net Distance (7.0 - 15.0  km/h) - ATT
32302;51.5;10.3;69.22;13.84;52.19;10.44;65.1;13.02;30.34;6.07;39.45;7.89;31.0;6.2;87.56;17.51;41.91;8.38;5.45;3.22;0;0;152.83;30.57;38.44;7.69;104.15;20.83;74.79;14.96;107.06;21.41;30.28;6.06;40.32;8.06;43.39;8.68;68.72;13.74;33.81;8.6;0;0;1167.5;12.21;Gross Distance (15.0 - 20.0 km/h)
32302;22.19;9.03;69.22;19.4;52.19;14.66;65.1;18.42;30.34;15.51;39.45;9.45;31.0;11.44;55.55;26.39;41.61;19.07;5.45;46.71;0;0;150.93;46.06;32.27;12.19;81.07;30.71;33.83;17.07;78.19;29.75;30.28;8.74;27.69;24.01;43.06;21.84;67.17;25.54;33.81;15.31;0;0;990.4;19.43;Net Distance (15.0 - 20.0 km/h)
32302;0.0;0.0;35.02;9.81;23.08;6.48;18.39;5.2;16.17;8.26;4.43;1.06;6.19;2.28;23.79;11.3;19.01;8.71;0.0;0.0;0;0;14.86;4.54;4.68;1.77;43.5;16.48;3.95;1.99;9.69;3.69;4.68;1.35;17.05;14.78;19.05;9.66;31.95;12.15;33.39;15.12;0;0;;15.34;Net Distance (15.0 - 20.0 km/h) - DEF
32302;7.56;3.08;14.6;4.09;0.0;0.0;7.3;2.07;0.0;0.0;4.64;1.11;7.61;2.81;30.3;14.39;16.93;7.76;0.0;0.0;0;0;45.85;13.99;6.08;2.3;11.62;4.4;10.75;5.42;20.78;7.91;6.83;1.97;14.96;12.97;8.98;4.55;7.39;2.81;0.0;0.0;0;0;;11.83;Net Distance (15.0 - 20.0 km/h) - ATT
32302;0.0;0.0;15.69;3.14;0.0;0.0;7.91;1.58;26.62;5.32;11.19;2.24;6.74;1.35;60.21;12.04;0.0;0.0;0.0;0.0;0;0;23.89;4.78;19.18;3.84;30.26;6.05;23.95;4.79;15.36;3.07;2.75;0.55;0.0;0.0;6.8;1.36;35.87;7.17;0.0;0.0;0;0;286.42;3.0;Gross Distance (20.0 - 25.0 km/h)
32302;0.0;0.0;15.69;4.4;0.0;0.0;7.91;2.24;26.62;13.6;11.19;2.68;6.74;2.49;22.31;10.6;0.0;0.0;0.0;0.0;0;0;23.89;7.29;19.18;7.24;30.26;11.46;8.11;4.09;15.36;5.84;2.75;0.79;0.0;0.0;6.8;3.45;35.87;13.64;0.0;0.0;0;0;232.68;4.57;Net Distance (20.0 - 25.0 km/h)
32302;0.0;0.0;0.15;0.04;7.31;2.05;18.29;5.17;36.02;18.41;1.33;0.32;3.59;1.32;9.12;4.33;9.12;4.18;0.0;0.0;0;0;5.02;1.53;5.26;1.99;77.49;29.35;6.09;3.07;13.63;5.19;0.71;0.21;0.0;0.0;2.82;1.43;13.65;5.19;13.09;5.93;0;0;;8.72;Net Distance (20.0 - 25.0 km/h) - DEF
32302;4.7;1.91;2.44;0.68;0.0;0.0;0.0;0.0;0.0;0.0;0.0;0.0;7.93;2.93;6.49;3.08;0.0;0.0;0.0;0.0;0;0;19.78;6.04;6.02;2.27;9.07;3.44;17.16;8.66;7.48;2.85;15.75;4.55;4.97;4.31;15.68;7.95;0.0;0.0;0.0;0.0;0;0;;5.34;Net Distance (20.0 - 25.0 km/h) - ATT
32302;0.0;0.0;9.31;1.86;0.0;0.0;0.0;0.0;0.0;0.0;3.47;0.69;0.0;0.0;42.97;8.59;0.0;0.0;0.0;0.0;0;0;9.98;2.0;1.3;0.26;13.38;2.68;0.0;0.0;0.0;0.0;0.0;0.0;0.0;0.0;0.0;0.0;0.0;0.0;0.0;0.0;0;0;80.42;0.84;Gross Distance (> 25.0 km/h)
32302;0.0;0.0;9.31;2.61;0.0;0.0;0.0;0.0;0.0;0.0;3.47;0.83;0.0;0.0;42.97;20.41;0.0;0.0;0.0;0.0;0;0;9.98;3.05;1.3;0.49;13.38;5.07;0.0;0.0;0.0;0.0;0.0;0.0;0.0;0.0;0.0;0.0;0.0;0.0;0.0;0.0;0;0;80.42;1.58;Net Distance (> 25.0 km/h)
32302;0.0;0.0;10.86;3.04;0.0;0.0;0.0;0.0;35.09;17.93;10.38;2.49;0.0;0.0;19.6;9.31;0.0;0.0;0.0;0.0;0;0;6.9;2.11;21.18;8.0;29.83;11.3;25.02;12.63;10.86;4.13;0.0;0.0;0.0;0.0;0.0;0.0;59.08;22.46;0.0;0.0;0;0;;9.42;Net Distance (> 25.0 km/h) - DEF
32302;0.0;0.0;0.0;0.0;0.0;0.0;0.0;0.0;0.0;0.0;0.0;0.0;5.35;1.97;5.35;2.54;0.0;0.0;0.0;0.0;0;0;12.11;3.7;1.06;0.4;0.78;0.3;0.0;0.0;3.93;1.5;2.69;0.78;0.0;0.0;16.13;8.18;0.0;0.0;0.0;0.0;0;0;;2.05;Net Distance (> 25.0 km/h) - ATT
32302;3.0;1.22;3.0;0.84;3.0;0.84;4.0;1.13;1.0;0.51;2.0;0.48;3.0;1.11;3.0;1.43;4.0;1.83;1.0;8.57;0;0;9.0;2.75;2.0;0.76;4.0;1.52;5.0;2.52;7.0;2.66;2.0;0.58;3.0;2.6;5.0;2.54;4.0;1.52;4.0;1.81;0;0;72.0;1.41;Run Count (>1.0s | 15.0 - 20.0 km/h)
32302;0.0;0.0;1.0;0.28;0.0;0.0;1.0;0.28;1.0;0.51;1.0;0.24;1.0;0.37;2.0;0.95;0.0;0.0;0.0;0.0;0;0;1.0;0.31;1.0;0.38;1.0;0.38;2.0;1.01;1.0;0.38;0.0;0.0;0.0;0.0;1.0;0.51;1.0;0.38;0.0;0.0;0;0;15.0;0.29;High Intensity Run Count (>1.0s | 20.0 - 25.0 km/h)
32302;0.0;0.0;1.0;0.28;0.0;0.0;0.0;0.0;0.0;0.0;0.0;0.0;0.0;0.0;1.0;0.48;0.0;0.0;0.0;0.0;0;0;1.0;0.31;0.0;0.0;1.0;0.38;0.0;0.0;0.0;0.0;0.0;0.0;0.0;0.0;0.0;0.0;0.0;0.0;0.0;0.0;0;0;4.0;0.08;Sprint Count (>1.0s | >25.0 km/h)
33634;584.37;116.87;778.75;155.75;610.5;122.1;626.67;125.33;414.47;82.89;634.25;126.85;637.07;127.41;454.34;90.87;588.29;117.66;112.74;66.71;0;0;686.33;137.27;609.29;121.86;546.89;109.38;508.3;101.66;533.13;106.63;643.99;128.8;329.79;65.96;629.6;125.92;552.08;110.42;480.68;122.21;0;0;10961.18;114.63;Gross Distance (Total)
33634;367.3;149.41;651.73;182.64;499.81;140.4;543.41;153.72;247.13;126.3;563.08;134.82;441.83;163.04;312.54;148.48;353.91;162.22;18.86;161.66;0;0;569.41;173.78;394.28;148.88;412.87;156.39;307.83;155.34;368.48;140.2;537.01;155.06;140.13;121.5;368.77;187.03;371.15;141.12;339.63;153.79;0;0;7809.16;153.21;Net Distance (Total)
33634;138.64;56.4;192.06;53.82;175.93;49.42;163.79;46.33;130.73;66.81;129.48;31.0;181.41;66.94;165.25;78.5;161.11;73.85;0.0;0.0;0;0;191.16;58.34;180.31;68.08;137.02;51.9;166.44;83.99;146.49;55.73;145.65;42.05;60.91;52.81;224.56;113.89;149.13;56.7;130.17;58.94;0;0;;163.26;Net Distance (Total) - DEF
33634;156.99;63.86;184.28;51.64;124.3;34.92;147.89;41.84;121.36;62.02;130.3;31.2;162.11;59.82;159.48;75.76;155.77;71.4;0.0;0.0;0;0;167.03;50.98;125.55;47.41;159.33;60.35;201.61;101.74;128.21;48.78;160.65;46.39;130.82;113.43;201.04;101.96;143.06;54.4;147.16;66.64;0;0;;150.23;Net Distance (Total) - ATT
33634;242.39;48.48;182.32;36.46;210.81;42.16;224.68;44.94;231.0;46.2;232.62;46.52;204.98;41.0;196.31;39.26;244.53;48.91;71.06;42.05;0;0;225.35;45.07;207.46;41.49;207.93;41.59;222.54;44.51;239.86;47.97;217.43;43.49;166.59;33.32;200.8;40.16;208.74;41.75;143.4;36.46;0;0;4080.8;42.68;Gross Distance (0 - 7.0 km/h)
33634;95.55;38.87;95.82;26.85;139.58;39.21;142.86;40.41;88.24;45.1;185.02;44.3;86.63;31.97;73.66;34.99;88.11;40.39;4.93;42.26;0;0;157.25;47.99;87.82;33.16;95.04;36.0;75.49;38.09;111.63;42.47;128.73;37.17;55.96;48.52;58.5;29.67;93.72;35.63;64.02;28.99;0;0;1928.56;37.84;Net Distance (0 - 7.0 km/h)
33634;59.74;24.3;29.61;8.3;31.06;8.72;34.18;9.67;48.24;24.65;37.9;9.07;19.49;7.19;21.57;10.25;38.5;17.65;0.0;0.0;0;0;19.52;5.96;28.47;10.75;33.31;12.62;29.44;14.86;46.4;17.65;35.62;10.28;60.91;52.81;12.65;6.42;40.79;15.51;33.89;15.35;0;0;;33.25;Net Distance (0 - 7.0 km/h) - DEF
33634;31.74;12.91;27.95;7.83;43.71;12.28;40.78;11.54;44.28;22.63;52.68;12.61;35.79;13.21;35.36;16.8;42.21;19.35;0.0;0.0;0;0;36.38;11.1;36.9;13.93;39.71;15.04;30.89;15.59;38.75;14.74;37.89;10.94;46.7;40.49;28.83;14.62;31.55;12.0;25.47;11.53;0;0;;38.26;Net Distance (0 - 7.0 km/h) - ATT
33634;249.95;49.99;291.98;58.4;227.86;45.57;237.23;47.45;140.42;28.08;229.95;45.99;238.83;47.77;177.85;35.57;201.71;40.34;36.63;21.67;0;0;281.24;56.25;288.44;57.69;211.88;42.38;190.78;38.16;191.51;38.3;228.7;45.74;136.06;27.21;262.15;52.43;256.25;51.25;227.17;57.76;0;0;4306.25;45.03;Gross Distance (7.0 - 15.0 km/h)
33634;179.72;73.11;253.95;71.17;195.27;54.85;235.79;66.7;117.54;60.07;208.05;49.81;171.69;63.35;158.69;75.39;128.38;58.84;8.89;76.2;0;0;240.53;73.41;198.61;74.99;205.25;77.75;137.89;69.58;157.73;60.01;212.68;61.41;66.83;57.95;145.13;73.61;193.21;73.46;165.74;75.05;0;0;3381.56;66.34;Net Distance (7.0 - 15.0 km/h)
33634;26.51;10.78;63.86;17.9;72.63;20.4;67.2;19.01;82.5;42.16;67.61;16.19;91.7;33.84;136.34;64.77;68.35;31.33;0.0;0.0;0;0;119.1;36.35;104.12;39.32;103.71;39.28;66.94;33.78;56.97;21.68;79.18;22.86;0.0;0.0;101.47;51.46;57.24;21.76;61.8;27.98;0;0;;77.41;Net Distance (7.0 - 15.0  km/h) - DEF
33634;89.51;36.41;70.69;19.81;37.09;10.42;75.76;21.43;42.61;21.78;31.9;7.64;56.06;20.69;59.57;28.3;57.44;26.33;0.0;0.0;0;0;54.17;16.53;46.2;17.44;71.17;26.96;88.29;44.55;68.33;26.0;50.88;14.69;71.05;61.6;80.69;40.92;83.43;31.72;84.18;38.12;0;0;;61.37;Net Distance (7.0 - 15.0  km/h) - ATT
33634;64.79;12.96;173.42;34.68;123.84;24.77;66.51;13.3;24.74;4.95;111.8;22.36;98.83;19.77;64.8;12.96;53.04;10.61;5.05;2.99;0;0;103.08;20.62;84.22;16.84;63.28;12.66;39.18;7.84;32.85;6.57;83.52;16.7;22.37;4.47;45.95;9.19;56.57;11.31;62.87;15.98;0;0;1380.69;14.44;Gross Distance (15.0 - 20.0 km/h)
33634;64.79;26.36;170.94;47.9;122.08;34.29;66.51;18.81;23.03;11.77;110.13;26.37;89.07;32.87;64.8;30.78;48.41;22.19;5.05;43.29;0;0;96.06;29.32;78.68;29.71;51.49;19.5;38.65;19.5;31.13;11.84;81.25;23.46;12.58;10.91;44.45;22.54;53.69;20.41;62.64;28.37;0;0;1315.43;25.81;Net Distance (15.0 - 20.0 km/h)
33634;6.91;2.81;20.0;5.6;20.31;5.71;4.94;1.4;0.0;0.0;9.84;2.36;33.93;12.52;3.96;1.88;23.86;10.94;0.0;0.0;0;0;10.38;3.17;9.35;3.53;0.0;0.0;19.29;9.73;11.92;4.54;10.2;2.95;0.0;0.0;24.58;12.47;6.43;2.44;7.62;3.45;0;0;;12.88;Net Distance (15.0 - 20.0 km/h) - DEF
33634;14.97;6.09;43.49;12.19;17.91;5.03;14.04;3.97;6.56;3.35;18.13;4.34;7.92;2.92;36.87;17.52;6.54;3.0;0.0;0.0;0;0;23.23;7.09;25.37;9.58;12.15;4.6;11.26;5.68;8.18;3.11;14.92;4.31;4.57;3.96;15.1;7.66;7.52;2.86;22.14;10.03;0;0;;16.85;Net Distance (15.0 - 20.0 km/h) - ATT
33634;27.24;5.45;82.63;16.53;47.99;9.6;87.11;17.42;18.31;3.66;42.43;8.49;90.96;18.19;15.38;3.08;72.81;14.56;0.0;0.0;0;0;62.98;12.6;25.85;5.17;38.7;7.74;52.5;10.5;47.96;9.59;111.59;22.32;4.77;0.95;64.43;12.89;17.36;3.47;47.23;12.01;0;0;958.23;10.02;Gross Distance (20.0 - 25.0 km/h)
33634;27.24;11.08;82.63;23.16;42.88;12.04;87.11;24.64;18.31;9.36;42.43;10.16;90.96;33.56;15.38;7.31;72.81;33.37;0.0;0.0;0;0;61.9;18.89;25.85;9.76;36.0;13.64;52.5;26.49;47.03;17.89;111.59;32.22;4.77;4.14;64.43;32.68;17.36;6.6;47.23;21.39;0;0;948.4;18.61;Net Distance (20.0 - 25.0 km/h)
33634;12.57;5.11;41.7;11.69;31.32;8.8;11.35;3.21;0.0;0.0;6.1;1.46;14.93;5.51;3.39;1.61;17.29;7.93;0.0;0.0;0;0;13.43;4.1;12.05;4.55;0.0;0.0;19.48;9.83;0.32;0.12;5.96;1.72;0.0;0.0;12.35;6.26;4.54;1.73;14.71;6.66;0;0;;13.56;Net Distance (20.0 - 25.0 km/h) - DEF
33634;13.95;5.67;9.73;2.73;14.56;4.09;7.36;2.08;10.95;5.6;16.95;4.06;15.15;5.59;13.47;6.4;9.52;4.36;0.0;0.0;0;0;22.06;6.73;14.35;5.42;8.23;3.12;9.49;4.79;2.1;0.8;12.26;3.54;3.08;2.67;4.75;2.41;19.29;7.33;10.16;4.6;0;0;;12.13;Net Distance (20.0 - 25.0 km/h) - ATT
33634;0.0;0.0;48.39;9.68;0.0;0.0;11.14;2.23;0.0;0.0;17.45;3.49;3.47;0.69;0.0;0.0;16.2;3.24;0.0;0.0;0;0;13.68;2.74;3.32;0.66;25.1;5.02;3.3;0.66;20.96;4.19;2.75;0.55;0.0;0.0;56.26;11.25;13.17;2.63;0.0;0.0;0;0;235.21;2.46;Gross Distance (> 25.0 km/h)
33634;0.0;0.0;48.39;13.56;0.0;0.0;11.14;3.15;0.0;0.0;17.45;4.18;3.47;1.28;0.0;0.0;16.2;7.43;0.0;0.0;0;0;13.68;4.17;3.32;1.25;25.1;9.51;3.3;1.67;20.96;7.97;2.75;0.79;0.0;0.0;56.26;28.53;13.17;5.01;0.0;0.0;0;0;235.21;4.61;Net Distance (> 25.0 km/h)
33634;32.91;13.39;33.0;9.25;20.6;5.79;37.66;10.65;0.0;0.0;8.04;1.92;21.34;7.87;0.0;0.0;13.11;6.01;0.0;0.0;0;0;28.73;8.77;26.31;9.93;0.0;0.0;31.29;15.79;6.75;2.57;14.68;4.24;0.0;0.0;68.65;34.82;17.1;6.5;12.15;5.5;0;0;;22.14;Net Distance (> 25.0 km/h) - DEF
33634;6.81;2.77;19.51;5.47;11.03;3.1;9.94;2.81;16.96;8.67;10.65;2.55;44.43;16.39;14.21;6.75;31.87;14.61;0.0;0.0;0;0;24.05;7.34;2.73;1.03;14.26;5.4;55.1;27.8;10.87;4.14;44.7;12.91;5.43;4.71;10.13;5.14;1.26;0.48;5.21;2.36;0;0;;17.29;Net Distance (> 25.0 km/h) - ATT
33634;4.0;1.63;5.0;1.4;7.0;1.97;0.0;0.0;1.0;0.51;6.0;1.44;2.0;0.74;5.0;2.38;1.0;0.46;1.0;8.57;0;0;5.0;1.53;4.0;1.51;2.0;0.76;2.0;1.01;2.0;0.76;1.0;0.29;3.0;2.6;1.0;0.51;1.0;0.38;4.0;1.81;0;0;57.0;1.12;Run Count (>1.0s | 15.0 - 20.0 km/h)
33634;2.0;0.81;4.0;1.12;2.0;0.56;5.0;1.41;2.0;1.02;3.0;0.72;7.0;2.58;1.0;0.48;3.0;1.38;0.0;0.0;0;0;3.0;0.92;3.0;1.13;1.0;0.38;2.0;1.01;2.0;0.76;7.0;2.02;0.0;0.0;2.0;1.01;1.0;0.38;2.0;0.91;0;0;52.0;1.02;High Intensity Run Count (>1.0s | 20.0 - 25.0 km/h)
33634;0.0;0.0;2.0;0.56;0.0;0.0;1.0;0.28;0.0;0.0;1.0;0.24;0.0;0.0;0.0;0.0;1.0;0.46;0.0;0.0;0;0;1.0;0.31;0.0;0.0;1.0;0.38;0.0;0.0;1.0;0.38;0.0;0.0;0.0;0.0;2.0;1.01;1.0;0.38;0.0;0.0;0;0;11.0;0.22;Sprint Count (>1.0s | >25.0 km/h)
312022;0.0;0.0;0.0;0.0;0.0;0.0;0.0;0.0;0.0;0.0;0.0;0.0;0.0;0.0;0.0;0.0;0.0;0.0;0.0;0.0;0;0;0.0;0.0;0.0;0.0;0.0;0.0;0.0;0.0;0.0;0.0;0.0;0.0;311.22;115.62;569.11;113.82;570.97;114.19;451.44;114.77;0;0;1902.24;114.43;Gross Distance (Total)
312022;0.0;0.0;0.0;0.0;0.0;0.0;0.0;0.0;0.0;0.0;0.0;0.0;0.0;0.0;0.0;0.0;0.0;0.0;0.0;0.0;0;0;0.0;0.0;0.0;0.0;0.0;0.0;0.0;0.0;0.0;0.0;0.0;0.0;206.57;187.51;328.64;166.4;404.91;154.35;314.22;142.5;0;0;1254.34;158.68;Net Distance (Total)
312022;0.0;0.0;0.0;0.0;0.0;0.0;0.0;0.0;0.0;0.0;0.0;0.0;0.0;0.0;0.0;0.0;0.0;0.0;0.0;0.0;0;0;0.0;0.0;0.0;0.0;0.0;0.0;0.0;0.0;0.0;0.0;0.0;0.0;74.86;67.95;176.48;89.36;121.11;46.17;67.07;30.42;0;0;;127.43;Net Distance (Total) - DEF
312022;0.0;0.0;0.0;0.0;0.0;0.0;0.0;0.0;0.0;0.0;0.0;0.0;0.0;0.0;0.0;0.0;0.0;0.0;0.0;0.0;0;0;0.0;0.0;0.0;0.0;0.0;0.0;0.0;0.0;0.0;0.0;0.0;0.0;207.6;188.44;181.34;91.82;161.71;61.64;165.93;75.25;0;0;;177.82;Net Distance (Total) - ATT
312022;0.0;0.0;0.0;0.0;0.0;0.0;0.0;0.0;0.0;0.0;0.0;0.0;0.0;0.0;0.0;0.0;0.0;0.0;0.0;0.0;0;0;0.0;0.0;0.0;0.0;0.0;0.0;0.0;0.0;0.0;0.0;0.0;0.0;79.58;29.57;204.75;40.95;185.25;37.05;178.93;45.49;0;0;648.5;39.01;Gross Distance (0 - 7.0 km/h)
312022;0.0;0.0;0.0;0.0;0.0;0.0;0.0;0.0;0.0;0.0;0.0;0.0;0.0;0.0;0.0;0.0;0.0;0.0;0.0;0.0;0;0;0.0;0.0;0.0;0.0;0.0;0.0;0.0;0.0;0.0;0.0;0.0;0.0;20.97;19.03;53.45;27.06;79.56;30.33;87.52;39.69;0;0;241.5;30.55;Net Distance (0 - 7.0 km/h)
312022;0.0;0.0;0.0;0.0;0.0;0.0;0.0;0.0;0.0;0.0;0.0;0.0;0.0;0.0;0.0;0.0;0.0;0.0;0.0;0.0;0;0;0.0;0.0;0.0;0.0;0.0;0.0;0.0;0.0;0.0;0.0;0.0;0.0;74.86;67.95;24.68;12.5;34.66;13.21;50.85;23.06;0;0;;36.15;Net Distance (0 - 7.0 km/h) - DEF
312022;0.0;0.0;0.0;0.0;0.0;0.0;0.0;0.0;0.0;0.0;0.0;0.0;0.0;0.0;0.0;0.0;0.0;0.0;0.0;0.0;0;0;0.0;0.0;0.0;0.0;0.0;0.0;0.0;0.0;0.0;0.0;0.0;0.0;11.03;10.01;22.36;11.32;28.14;10.73;31.21;14.15;0;0;;23.69;Net Distance (0 - 7.0 km/h) - ATT
312022;0.0;0.0;0.0;0.0;0.0;0.0;0.0;0.0;0.0;0.0;0.0;0.0;0.0;0.0;0.0;0.0;0.0;0.0;0.0;0.0;0;0;0.0;0.0;0.0;0.0;0.0;0.0;0.0;0.0;0.0;0.0;0.0;0.0;147.68;54.87;254.53;50.91;255.72;51.14;151.95;38.63;0;0;809.88;48.72;Gross Distance (7.0 - 15.0 km/h)
312022;0.0;0.0;0.0;0.0;0.0;0.0;0.0;0.0;0.0;0.0;0.0;0.0;0.0;0.0;0.0;0.0;0.0;0.0;0.0;0.0;0;0;0.0;0.0;0.0;0.0;0.0;0.0;0.0;0.0;0.0;0.0;0.0;0.0;105.22;95.51;189.68;96.04;206.93;78.88;108.36;49.14;0;0;610.19;77.19;Net Distance (7.0 - 15.0 km/h)
312022;0.0;0.0;0.0;0.0;0.0;0.0;0.0;0.0;0.0;0.0;0.0;0.0;0.0;0.0;0.0;0.0;0.0;0.0;0.0;0.0;0;0;0.0;0.0;0.0;0.0;0.0;0.0;0.0;0.0;0.0;0.0;0.0;0.0;0.0;0.0;124.4;62.99;83.09;31.67;16.22;7.36;0;0;;80.13;Net Distance (7.0 - 15.0  km/h) - DEF
312022;0.0;0.0;0.0;0.0;0.0;0.0;0.0;0.0;0.0;0.0;0.0;0.0;0.0;0.0;0.0;0.0;0.0;0.0;0.0;0.0;0;0;0.0;0.0;0.0;0.0;0.0;0.0;0.0;0.0;0.0;0.0;0.0;0.0;106.77;96.92;118.81;60.16;86.29;32.89;63.38;28.74;0;0;;89.26;Net Distance (7.0 - 15.0  km/h) - ATT
312022;0.0;0.0;0.0;0.0;0.0;0.0;0.0;0.0;0.0;0.0;0.0;0.0;0.0;0.0;0.0;0.0;0.0;0.0;0.0;0.0;0;0;0.0;0.0;0.0;0.0;0.0;0.0;0.0;0.0;0.0;0.0;0.0;0.0;45.89;17.05;72.98;14.6;92.04;18.41;52.09;13.24;0;0;263.0;15.82;Gross Distance (15.0 - 20.0 km/h)
312022;0.0;0.0;0.0;0.0;0.0;0.0;0.0;0.0;0.0;0.0;0.0;0.0;0.0;0.0;0.0;0.0;0.0;0.0;0.0;0.0;0;0;0.0;0.0;0.0;0.0;0.0;0.0;0.0;0.0;0.0;0.0;0.0;0.0;42.53;38.61;54.31;27.5;80.44;30.66;50.87;23.07;0;0;228.15;28.86;Net Distance (15.0 - 20.0 km/h)
312022;0.0;0.0;0.0;0.0;0.0;0.0;0.0;0.0;0.0;0.0;0.0;0.0;0.0;0.0;0.0;0.0;0.0;0.0;0.0;0.0;0;0;0.0;0.0;0.0;0.0;0.0;0.0;0.0;0.0;0.0;0.0;0.0;0.0;0.0;0.0;11.67;5.91;3.36;1.28;0.0;0.0;0;0;;5.49;Net Distance (15.0 - 20.0 km/h) - DEF
312022;0.0;0.0;0.0;0.0;0.0;0.0;0.0;0.0;0.0;0.0;0.0;0.0;0.0;0.0;0.0;0.0;0.0;0.0;0.0;0.0;0;0;0.0;0.0;0.0;0.0;0.0;0.0;0.0;0.0;0.0;0.0;0.0;0.0;18.12;16.45;8.05;4.08;14.41;5.49;18.55;8.41;0;0;;15.8;Net Distance (15.0 - 20.0 km/h) - ATT
312022;0.0;0.0;0.0;0.0;0.0;0.0;0.0;0.0;0.0;0.0;0.0;0.0;0.0;0.0;0.0;0.0;0.0;0.0;0.0;0.0;0;0;0.0;0.0;0.0;0.0;0.0;0.0;0.0;0.0;0.0;0.0;0.0;0.0;10.85;4.03;18.9;3.78;37.97;7.59;40.51;10.3;0;0;107.73;6.48;Gross Distance (20.0 - 25.0 km/h)
312022;0.0;0.0;0.0;0.0;0.0;0.0;0.0;0.0;0.0;0.0;0.0;0.0;0.0;0.0;0.0;0.0;0.0;0.0;0.0;0.0;0;0;0.0;0.0;0.0;0.0;0.0;0.0;0.0;0.0;0.0;0.0;0.0;0.0;10.62;9.64;17.15;8.68;37.97;14.47;39.51;17.92;0;0;105.25;13.31;Net Distance (20.0 - 25.0 km/h)
312022;0.0;0.0;0.0;0.0;0.0;0.0;0.0;0.0;0.0;0.0;0.0;0.0;0.0;0.0;0.0;0.0;0.0;0.0;0.0;0.0;0;0;0.0;0.0;0.0;0.0;0.0;0.0;0.0;0.0;0.0;0.0;0.0;0.0;0.0;0.0;15.73;7.96;0.0;0.0;0.0;0.0;0;0;;5.66;Net Distance (20.0 - 25.0 km/h) - DEF
312022;0.0;0.0;0.0;0.0;0.0;0.0;0.0;0.0;0.0;0.0;0.0;0.0;0.0;0.0;0.0;0.0;0.0;0.0;0.0;0.0;0;0;0.0;0.0;0.0;0.0;0.0;0.0;0.0;0.0;0.0;0.0;0.0;0.0;28.47;25.84;24.31;12.31;14.54;5.54;13.48;6.11;0;0;;19.24;Net Distance (20.0 - 25.0 km/h) - ATT
312022;0.0;0.0;0.0;0.0;0.0;0.0;0.0;0.0;0.0;0.0;0.0;0.0;0.0;0.0;0.0;0.0;0.0;0.0;0.0;0.0;0;0;0.0;0.0;0.0;0.0;0.0;0.0;0.0;0.0;0.0;0.0;0.0;0.0;27.22;10.11;17.95;3.59;0.0;0.0;27.96;7.11;0;0;73.14;4.4;Gross Distance (> 25.0 km/h)
312022;0.0;0.0;0.0;0.0;0.0;0.0;0.0;0.0;0.0;0.0;0.0;0.0;0.0;0.0;0.0;0.0;0.0;0.0;0.0;0.0;0;0;0.0;0.0;0.0;0.0;0.0;0.0;0.0;0.0;0.0;0.0;0.0;0.0;27.22;24.71;14.06;7.12;0.0;0.0;27.96;12.68;0;0;69.25;8.76;Net Distance (> 25.0 km/h)
312022;0.0;0.0;0.0;0.0;0.0;0.0;0.0;0.0;0.0;0.0;0.0;0.0;0.0;0.0;0.0;0.0;0.0;0.0;0.0;0.0;0;0;0.0;0.0;0.0;0.0;0.0;0.0;0.0;0.0;0.0;0.0;0.0;0.0;0.0;0.0;0.0;0.0;0.0;0.0;0.0;0.0;0;0;;0.0;Net Distance (> 25.0 km/h) - DEF
312022;0.0;0.0;0.0;0.0;0.0;0.0;0.0;0.0;0.0;0.0;0.0;0.0;0.0;0.0;0.0;0.0;0.0;0.0;0.0;0.0;0;0;0.0;0.0;0.0;0.0;0.0;0.0;0.0;0.0;0.0;0.0;0.0;0.0;12.22;11.09;0.0;0.0;18.34;6.99;10.18;4.62;0;0;;11.93;Net Distance (> 25.0 km/h) - ATT
312022;0.0;0.0;0.0;0.0;0.0;0.0;0.0;0.0;0.0;0.0;0.0;0.0;0.0;0.0;0.0;0.0;0.0;0.0;0.0;0.0;0;0;0.0;0.0;0.0;0.0;0.0;0.0;0.0;0.0;0.0;0.0;0.0;0.0;2.0;1.82;5.0;2.53;5.0;1.91;3.0;1.36;0;0;15.0;1.9;Run Count (>1.0s | 15.0 - 20.0 km/h)
312022;0.0;0.0;0.0;0.0;0.0;0.0;0.0;0.0;0.0;0.0;0.0;0.0;0.0;0.0;0.0;0.0;0.0;0.0;0.0;0.0;0;0;0.0;0.0;0.0;0.0;0.0;0.0;0.0;0.0;0.0;0.0;0.0;0.0;1.0;0.91;1.0;0.51;4.0;1.52;2.0;0.91;0;0;8.0;1.01;High Intensity Run Count (>1.0s | 20.0 - 25.0 km/h)
312022;0.0;0.0;0.0;0.0;0.0;0.0;0.0;0.0;0.0;0.0;0.0;0.0;0.0;0.0;0.0;0.0;0.0;0.0;0.0;0.0;0;0;0.0;0.0;0.0;0.0;0.0;0.0;0.0;0.0;0.0;0.0;0.0;0.0;1.0;0.91;1.0;0.51;0.0;0.0;1.0;0.45;0;0;3.0;0.38;Sprint Count (>1.0s | >25.0 km/h)
453880;616.18;123.24;790.49;158.1;551.68;110.34;708.73;141.75;505.33;101.07;620.1;124.02;579.39;115.88;621.74;124.35;485.96;97.19;90.15;53.34;0;0;643.31;128.66;621.83;124.37;579.63;115.93;582.05;116.41;567.91;113.58;609.77;121.95;408.55;81.71;597.43;119.49;567.33;113.47;472.24;120.06;0;0;11219.49;117.33;Gross Distance (Total)
453880;346.05;140.77;623.02;174.6;455.42;127.93;547.75;154.95;279.34;142.76;557.89;133.57;378.26;139.58;394.4;187.36;245.49;112.52;15.59;133.63;0;0;540.33;164.9;460.7;173.96;373.92;141.64;316.74;159.84;391.26;148.86;527.18;152.22;164.96;143.03;280.83;142.43;404.64;153.86;326.58;147.89;0;0;7630.38;149.7;Net Distance (Total)
453880;126.41;51.42;198.39;55.6;125.48;35.25;139.16;39.37;163.34;83.48;130.19;31.17;121.22;44.73;273.05;129.71;145.01;66.47;0.0;0.0;0;0;139.02;42.43;152.93;57.75;127.03;48.12;170.24;85.91;140.51;53.46;147.52;42.59;109.82;95.22;130.67;66.27;152.89;58.13;178.51;80.83;0;0;;147.59;Net Distance (Total) - DEF
453880;134.23;54.6;173.84;48.72;114.26;32.1;159.91;45.24;151.42;77.39;131.04;31.37;142.88;52.72;169.69;80.61;98.05;44.94;0.0;0.0;0;0;135.89;41.47;151.01;57.02;132.34;50.13;143.32;72.32;122.62;46.65;133.48;38.54;142.85;123.86;159.86;81.08;150.17;57.1;113.51;51.4;0;0;;137.82;Net Distance (Total) - ATT
453880;204.81;40.96;150.56;30.11;224.69;44.94;206.91;41.38;196.76;39.35;198.68;39.74;185.23;37.05;160.76;32.15;239.35;47.87;76.32;45.16;0;0;247.85;49.57;191.09;38.22;202.21;40.44;212.89;42.58;178.24;35.65;147.8;29.56;166.3;33.26;236.48;47.3;214.52;42.9;178.51;45.38;0;0;3819.98;39.95;Gross Distance (0 - 7.0 km/h)
453880;100.56;40.91;100.27;28.1;163.18;45.84;137.65;38.94;62.96;32.18;150.83;36.11;111.32;41.08;52.45;24.92;102.29;46.89;7.57;64.89;0;0;169.53;51.74;81.84;30.9;89.67;33.97;63.84;32.22;104.77;39.86;102.94;29.72;43.45;37.67;73.32;37.19;87.11;33.12;80.33;36.38;0;0;1885.88;37.0;Net Distance (0 - 7.0 km/h)
453880;45.24;18.4;20.8;5.83;54.21;15.23;42.19;11.93;27.13;13.87;37.26;8.92;47.45;17.51;7.74;3.68;53.54;24.54;0.0;0.0;0;0;37.52;11.45;29.01;10.95;47.39;17.95;39.29;19.83;29.01;11.04;25.88;7.47;48.98;42.47;32.79;16.63;34.01;12.93;19.93;9.02;0;0;;36.07;Net Distance (0 - 7.0 km/h) - DEF
453880;42.84;17.43;30.7;8.6;48.7;13.68;46.82;13.24;35.38;18.08;37.05;8.87;40.62;14.99;25.54;12.13;47.69;21.86;0.0;0.0;0;0;35.87;10.95;37.54;14.17;37.81;14.32;38.16;19.26;52.7;20.05;37.26;10.76;37.08;32.15;41.9;21.25;32.38;12.31;56.43;25.55;0;0;;40.26;Net Distance (0 - 7.0 km/h) - ATT
453880;255.17;51.03;340.52;68.1;223.92;44.78;336.7;67.34;174.79;34.96;350.12;70.02;284.82;56.96;258.97;51.79;207.31;41.46;10.53;6.23;0;0;274.74;54.95;225.15;45.03;279.8;55.96;224.51;44.9;262.91;52.58;365.1;73.02;117.8;23.56;236.67;47.33;239.98;48.0;237.79;60.46;0;0;4906.98;51.32;Gross Distance (7.0 - 15.0 km/h)
453880;169.46;68.93;241.94;67.8;191.12;53.69;247.43;69.99;106.15;54.25;336.49;80.56;197.33;72.82;175.87;83.55;105.73;48.46;4.73;40.54;0;0;255.38;77.94;174.43;65.86;221.2;83.79;177.84;89.74;197.95;75.31;329.62;95.17;76.66;66.47;149.7;75.93;214.45;81.54;218.75;99.06;0;0;3792.21;74.4;Net Distance (7.0 - 15.0 km/h)
453880;74.33;30.24;61.92;17.35;52.62;14.78;72.45;20.5;42.36;21.65;76.16;18.23;63.85;23.56;83.62;39.72;55.41;25.4;0.0;0.0;0;0;78.66;24.01;88.14;33.28;70.35;26.65;60.71;30.64;102.98;39.18;119.69;34.56;60.84;52.75;97.88;49.64;86.15;32.76;154.31;69.88;0;0;;80.25;Net Distance (7.0 - 15.0  km/h) - DEF
453880;58.56;23.82;51.18;14.34;36.01;10.12;42.55;12.04;59.56;30.44;70.51;16.88;64.61;23.84;87.83;41.72;36.59;16.77;0.0;0.0;0;0;59.73;18.23;43.04;16.25;65.51;24.81;95.33;48.11;64.05;24.37;62.73;18.11;63.58;55.13;38.87;19.71;87.86;33.41;57.08;25.85;0;0;;58.9;Net Distance (7.0 - 15.0  km/h) - ATT
453880;92.78;18.56;139.88;27.98;81.17;16.23;84.7;16.94;66.81;13.36;65.52;13.1;82.44;16.49;115.06;23.01;26.11;5.22;3.3;1.95;0;0;75.38;15.08;67.03;13.41;62.15;12.43;120.31;24.06;89.46;17.89;65.44;13.09;61.76;12.35;92.47;18.49;50.83;10.17;50.34;12.8;0;0;1492.94;15.61;Gross Distance (15.0 - 20.0 km/h)
453880;22.65;9.21;121.28;33.99;79.22;22.25;83.78;23.7;50.62;25.87;64.8;15.51;65.78;24.27;79.13;37.59;25.46;11.67;3.3;28.29;0;0;75.38;23.01;66.22;25.0;48.47;18.36;50.72;25.59;51.24;19.5;63.2;18.25;14.73;12.77;28.57;14.49;48.05;18.27;27.5;12.45;0;0;1070.1;20.99;Net Distance (15.0 - 20.0 km/h)
453880;6.84;2.78;21.65;6.07;16.53;4.64;15.04;4.25;15.63;7.99;11.6;2.78;9.92;3.66;20.15;9.57;2.51;1.15;0.0;0.0;0;0;8.89;2.71;8.68;3.28;9.28;3.52;23.6;11.91;0.0;0.0;1.95;0.56;0.0;0.0;0.0;0.0;11.63;4.42;4.27;1.93;0;0;;10.33;Net Distance (15.0 - 20.0 km/h) - DEF
453880;3.66;1.49;21.41;6.0;7.15;2.01;3.15;0.89;12.84;6.56;15.14;3.62;16.65;6.14;12.46;5.92;8.36;3.83;0.0;0.0;0;0;6.69;2.04;6.87;2.59;8.65;3.28;6.81;3.44;5.13;1.95;22.75;6.57;4.12;3.57;17.06;8.65;18.99;7.22;0.0;0.0;0;0;;10.5;Net Distance (15.0 - 20.0 km/h) - ATT
453880;26.36;5.27;111.26;22.25;21.9;4.38;37.09;7.42;49.23;9.85;5.77;1.15;23.49;4.7;40.23;8.05;11.06;2.21;0.0;0.0;0;0;45.34;9.07;107.52;21.5;35.47;7.09;22.93;4.59;30.97;6.19;19.95;3.99;62.68;12.54;10.11;2.02;28.09;5.62;5.59;1.42;0;0;695.04;7.27;Gross Distance (20.0 - 25.0 km/h)
453880;16.32;6.64;111.26;31.18;21.9;6.15;35.56;10.06;41.87;21.4;5.77;1.38;3.83;1.41;40.23;19.11;9.89;4.53;0.0;0.0;0;0;40.05;12.22;107.16;40.46;14.59;5.53;22.93;11.57;30.97;11.78;19.95;5.76;30.12;26.12;7.54;3.82;24.28;9.23;0.0;0.0;0;0;584.22;11.46;Net Distance (20.0 - 25.0 km/h)
453880;0.0;0.0;19.88;5.57;2.13;0.6;9.48;2.68;34.62;17.69;5.18;1.24;0.0;0.0;27.99;13.3;5.5;2.52;0.0;0.0;0;0;7.43;2.27;7.98;3.01;0.0;0.0;4.35;2.2;0.0;0.0;0.0;0.0;0.0;0.0;0.0;0.0;6.45;2.45;0.0;0.0;0;0;;6.45;Net Distance (20.0 - 25.0 km/h) - DEF
453880;1.76;0.72;10.49;2.94;8.71;2.45;5.72;1.62;9.77;4.99;5.43;1.3;17.97;6.63;27.95;13.28;5.41;2.48;0.0;0.0;0;0;10.56;3.22;9.91;3.74;10.14;3.84;3.02;1.52;0.74;0.28;0.0;0.0;3.78;3.28;3.17;1.61;4.15;1.58;0.0;0.0;0;0;;7.45;Net Distance (20.0 - 25.0 km/h) - ATT
453880;37.07;7.41;48.28;9.66;0.0;0.0;43.33;8.67;17.74;3.55;0.0;0.0;3.42;0.68;46.72;9.34;2.12;0.42;0.0;0.0;0;0;0.0;0.0;31.05;6.21;0.0;0.0;1.41;0.28;6.33;1.27;11.48;2.3;0.0;0.0;21.69;4.34;33.91;6.78;0.0;0.0;0;0;304.55;3.18;Gross Distance (> 25.0 km/h)
453880;37.07;15.08;48.28;13.53;0.0;0.0;43.33;12.26;17.74;9.07;0.0;0.0;0.0;0.0;46.72;22.19;2.12;0.97;0.0;0.0;0;0;0.0;0.0;31.05;11.72;0.0;0.0;1.41;0.71;6.33;2.41;11.48;3.31;0.0;0.0;21.69;11.0;30.75;11.69;0.0;0.0;0;0;297.97;5.85;Net Distance (> 25.0 km/h)
453880;0.0;0.0;74.13;20.77;0.0;0.0;0.0;0.0;43.6;22.28;0.0;0.0;0.0;0.0;0.0;0.0;23.09;10.58;0.0;0.0;0;0;6.51;1.99;19.12;7.22;0.0;0.0;37.67;19.01;2.2;0.84;0.0;0.0;0.0;0.0;0.0;0.0;6.47;2.46;0.0;0.0;0;0;;10.14;Net Distance (> 25.0 km/h) - DEF
453880;5.06;2.06;29.69;8.32;13.69;3.85;26.91;7.61;17.44;8.91;2.9;0.69;3.04;1.12;15.91;7.56;0.0;0.0;0.0;0.0;0;0;23.04;7.03;38.45;14.52;10.24;3.88;0.0;0.0;0.0;0.0;0.0;0.0;34.29;29.73;8.68;4.4;6.79;2.58;0.0;0.0;0;0;;12.4;Net Distance (> 25.0 km/h) - ATT
453880;2.0;0.81;4.0;1.12;4.0;1.12;3.0;0.85;1.0;0.51;4.0;0.96;6.0;2.21;4.0;1.9;1.0;0.46;0.0;0.0;0;0;3.0;0.92;1.0;0.38;3.0;1.14;6.0;3.03;5.0;1.9;6.0;1.73;1.0;0.87;5.0;2.54;3.0;1.14;2.0;0.91;0;0;64.0;1.26;Run Count (>1.0s | 15.0 - 20.0 km/h)
453880;2.0;0.81;5.0;1.4;2.0;0.56;1.0;0.28;2.0;1.02;1.0;0.24;1.0;0.37;2.0;0.95;1.0;0.46;0.0;0.0;0;0;4.0;1.22;2.0;0.76;2.0;0.76;2.0;1.01;3.0;1.14;2.0;0.58;2.0;1.73;1.0;0.51;1.0;0.38;1.0;0.45;0;0;37.0;0.73;High Intensity Run Count (>1.0s | 20.0 - 25.0 km/h)
453880;1.0;0.41;1.0;0.28;0.0;0.0;1.0;0.28;1.0;0.51;0.0;0.0;0.0;0.0;1.0;0.48;0.0;0.0;0.0;0.0;0;0;0.0;0.0;2.0;0.76;0.0;0.0;0.0;0.0;0.0;0.0;1.0;0.29;0.0;0.0;1.0;0.51;2.0;0.76;0.0;0.0;0;0;11.0;0.22;Sprint Count (>1.0s | >25.0 km/h)
674326;670.12;134.02;767.5;153.5;706.1;141.22;679.21;135.84;505.28;101.06;694.33;138.87;630.85;126.17;567.17;113.43;553.09;110.62;94.65;56.01;0;0;788.78;157.76;587.61;117.52;528.91;105.78;464.35;92.87;612.22;122.44;635.58;127.12;332.72;66.54;542.27;108.45;553.62;110.72;405.45;103.08;0;0;11319.52;118.38;Gross Distance (Total)
674326;439.6;178.82;659.46;184.81;585.56;164.48;574.89;162.63;297.58;152.09;605.05;144.86;448.09;165.35;407.76;193.71;322.01;147.6;15.44;132.34;0;0;656.97;200.5;446.62;168.64;400.4;151.67;302.81;152.81;467.56;177.89;557.78;161.05;158.1;137.08;316.89;160.72;414.33;157.54;278.89;126.29;0;0;8355.77;163.94;Net Distance (Total)
674326;142.71;58.05;222.21;62.27;192.06;53.95;184.28;52.13;210.48;107.57;153.1;36.66;166.13;61.3;268.13;127.38;163.37;74.88;0.0;0.0;0;0;203.71;62.17;219.31;82.81;186.56;70.67;172.24;86.92;213.57;81.26;159.32;46.0;90.54;78.5;165.57;83.97;158.77;60.37;142.38;64.47;0;0;;183.1;Net Distance (Total) - DEF
674326;191.37;77.85;185.62;52.02;162.75;45.72;135.39;38.3;119.03;60.83;142.02;34.0;170.73;63.0;195.76;93.0;144.73;66.34;0.0;0.0;0;0;167.49;51.12;119.1;44.97;143.53;54.37;191.1;96.43;150.01;57.07;172.99;49.95;118.1;102.4;131.88;66.89;119.86;45.57;124.04;56.17;0;0;;153.02;Net Distance (Total) - ATT
674326;202.84;40.57;177.95;35.59;178.78;35.76;206.79;41.36;269.1;53.82;216.61;43.32;178.75;35.75;175.38;35.08;259.3;51.86;76.77;45.43;0;0;185.4;37.08;205.25;41.05;205.68;41.14;190.04;38.01;192.51;38.5;192.77;38.55;186.85;37.37;199.24;39.85;172.17;34.43;179.61;45.66;0;0;3851.5;40.28;Gross Distance (0 - 7.0 km/h)
674326;65.87;26.79;89.75;25.15;94.93;26.67;103.12;29.17;81.08;41.44;170.25;40.76;67.35;24.85;50.11;23.81;87.89;40.29;6.06;51.94;0;0;120.34;36.73;76.95;29.06;90.28;34.2;65.09;32.85;76.74;29.2;121.38;35.05;48.85;42.36;41.36;20.98;72.86;27.7;87.28;39.52;0;0;1617.52;31.73;Net Distance (0 - 7.0 km/h)
674326;46.55;18.94;13.24;3.71;14.44;4.06;22.74;6.43;29.06;14.85;43.85;10.5;22.15;8.17;9.02;4.29;46.19;21.17;0.0;0.0;0;0;12.81;3.91;16.76;6.33;29.78;11.28;35.82;18.08;11.41;4.34;30.25;8.73;54.52;47.27;18.65;9.46;16.46;6.26;40.28;18.24;0;0;;24.35;Net Distance (0 - 7.0 km/h) - DEF
674326;22.45;9.13;26.65;7.47;30.45;8.55;41.23;11.66;48.69;24.88;42.79;10.25;26.67;9.84;21.4;10.17;40.53;18.58;0.0;0.0;0;0;26.48;8.08;46.94;17.72;39.18;14.84;13.89;7.01;38.04;14.47;40.01;11.55;47.59;41.26;30.92;15.68;39.46;15.0;43.54;19.72;0;0;;35.45;Net Distance (0 - 7.0 km/h) - ATT
674326;322.11;64.42;314.24;62.85;382.03;76.41;324.21;64.84;118.74;23.75;378.47;75.69;333.8;66.76;201.26;40.25;209.37;41.87;17.89;10.59;0;0;419.4;83.88;226.83;45.37;210.37;42.07;166.01;33.2;255.97;51.19;272.29;54.46;72.65;14.53;265.6;53.12;272.0;54.4;193.88;49.29;0;0;4957.11;51.84;Gross Distance (7.0 - 15.0 km/h)
674326;228.56;92.97;294.39;82.5;350.11;98.35;323.55;91.53;99.06;50.63;338.86;81.13;262.44;96.84;171.02;81.24;153.88;70.53;9.37;80.31;0;0;362.34;110.58;216.44;81.73;197.26;74.72;133.69;67.46;230.19;87.58;270.06;77.98;64.45;55.88;198.85;100.85;232.02;88.22;159.65;72.29;0;0;4296.2;84.29;Net Distance (7.0 - 15.0 km/h)
674326;84.68;34.45;80.65;22.6;125.08;35.13;88.6;25.06;33.1;16.92;78.38;18.77;96.65;35.66;49.5;23.52;77.52;35.53;0.0;0.0;0;0;125.36;38.26;95.7;36.14;34.07;12.91;56.25;28.39;95.49;36.33;95.27;27.51;36.03;31.24;115.58;58.62;125.26;47.63;74.74;33.84;0;0;;92.68;Net Distance (7.0 - 15.0  km/h) - DEF
674326;93.39;37.99;82.94;23.24;91.04;25.57;68.83;19.47;58.41;29.85;79.42;19.02;89.33;32.96;101.06;48.01;64.0;29.34;0.0;0.0;0;0;106.51;32.51;54.39;20.54;74.96;28.39;99.31;50.11;86.71;32.99;45.31;13.08;49.54;42.95;53.06;26.91;69.1;26.27;71.74;32.49;0;0;;77.41;Net Distance (7.0 - 15.0  km/h) - ATT
674326;108.22;21.64;162.22;32.44;115.53;23.11;116.58;23.32;49.35;9.87;80.62;16.12;88.84;17.77;97.92;19.58;57.01;11.4;0.0;0.0;0;0;132.87;26.57;74.1;14.82;101.48;20.3;63.72;12.74;127.11;25.42;122.91;24.58;39.23;7.85;62.73;12.55;65.62;13.12;31.96;8.13;0;0;1697.99;17.76;Gross Distance (15.0 - 20.0 km/h)
674326;108.22;44.02;162.22;45.46;110.77;31.12;116.58;32.98;49.35;25.22;77.32;18.51;88.84;32.78;94.03;44.67;54.91;25.17;0.0;0.0;0;0;123.16;37.59;72.73;27.46;101.48;38.44;60.93;30.75;124.0;47.18;119.59;34.53;31.4;27.23;61.98;31.44;65.62;24.95;31.96;14.47;0;0;1655.08;32.47;Net Distance (15.0 - 20.0 km/h)
674326;11.47;4.67;63.76;17.87;11.92;3.35;27.39;7.75;9.7;4.96;8.95;2.14;41.31;15.24;35.7;16.96;20.54;9.41;0.0;0.0;0;0;34.11;10.41;25.35;9.57;39.38;14.92;44.08;22.24;44.81;17.05;32.21;9.3;0.0;0.0;27.01;13.7;16.61;6.32;27.36;12.39;0;0;;28.06;Net Distance (15.0 - 20.0 km/h) - DEF
674326;37.62;15.3;11.38;3.19;25.63;7.2;4.16;1.18;9.91;5.06;13.85;3.32;15.97;5.89;19.74;9.38;14.11;6.47;0.0;0.0;0;0;12.18;3.72;7.24;2.73;15.02;5.69;38.34;19.35;9.94;3.78;41.15;11.88;16.73;14.51;23.32;11.83;3.24;1.23;8.76;3.97;0;0;;16.62;Net Distance (15.0 - 20.0 km/h) - ATT
674326;8.76;1.75;45.66;9.13;22.79;4.56;31.64;6.33;30.15;6.03;7.01;1.4;22.4;4.48;85.6;17.12;27.41;5.48;0.0;0.0;0;0;51.12;10.22;69.82;13.96;11.38;2.28;39.15;7.83;36.63;7.33;43.5;8.7;28.49;5.7;9.93;1.99;31.22;6.24;0.0;0.0;0;0;602.66;6.3;Gross Distance (20.0 - 25.0 km/h)
674326;8.76;3.56;45.66;12.8;22.79;6.4;31.64;8.95;30.15;15.41;7.01;1.68;22.4;8.27;85.6;40.67;25.33;11.61;0.0;0.0;0;0;51.12;15.6;68.89;26.01;11.38;4.31;37.66;19.0;36.63;13.94;42.64;12.31;7.9;6.85;9.93;5.04;31.22;11.87;0.0;0.0;0;0;576.71;11.31;Net Distance (20.0 - 25.0 km/h)
674326;0.0;0.0;38.91;10.9;14.2;3.99;32.27;9.13;12.99;6.64;9.68;2.32;2.93;1.08;49.94;23.72;6.15;2.82;0.0;0.0;0;0;30.75;9.38;17.85;6.74;83.33;31.56;11.49;5.8;41.15;15.66;0.4;0.12;0.0;0.0;4.33;2.2;0.45;0.17;0.0;0.0;0;0;;17.32;Net Distance (20.0 - 25.0 km/h) - DEF
674326;18.27;7.43;6.27;1.76;15.63;4.39;8.71;2.46;2.03;1.04;5.96;1.43;21.87;8.07;19.86;9.43;12.74;5.84;0.0;0.0;0;0;2.71;0.83;2.71;1.02;8.36;3.17;5.92;2.99;12.97;4.93;8.2;2.37;4.23;3.67;24.57;12.46;0.23;0.09;0.0;0.0;0;0;;9.31;Net Distance (20.0 - 25.0 km/h) - ATT
674326;28.19;5.64;67.44;13.49;6.97;1.39;0.0;0.0;37.94;7.59;11.61;2.32;7.07;1.41;7.01;1.4;0.0;0.0;0.0;0.0;0;0;0.0;0.0;11.61;2.32;0.0;0.0;5.43;1.09;0.0;0.0;4.12;0.82;5.5;1.1;4.77;0.95;12.61;2.52;0.0;0.0;0;0;210.26;2.2;Gross Distance (> 25.0 km/h)
674326;28.19;11.47;67.44;18.9;6.97;1.96;0.0;0.0;37.94;19.39;11.61;2.78;7.07;2.61;7.01;3.33;0.0;0.0;0.0;0.0;0;0;0.0;0.0;11.61;4.38;0.0;0.0;5.43;2.74;0.0;0.0;4.12;1.19;5.5;4.77;4.77;2.42;12.61;4.79;0.0;0.0;0;0;210.26;4.13;Net Distance (> 25.0 km/h)
674326;0.0;0.0;25.65;7.19;20.23;5.68;13.29;3.76;36.71;18.76;4.71;1.13;3.09;1.14;123.98;58.9;12.97;5.94;0.0;0.0;0;0;0.68;0.21;52.98;20.01;0.0;0.0;24.61;12.42;20.71;7.88;1.19;0.34;0.0;0.0;0.0;0.0;0.0;0.0;0.0;0.0;0;0;;15.69;Net Distance (> 25.0 km/h) - DEF
674326;1.73;0.7;15.96;4.47;0.0;0.0;12.46;3.52;0.0;0.0;0.0;0.0;11.27;4.16;33.7;16.01;13.34;6.11;0.0;0.0;0;0;19.62;5.99;3.78;1.43;6.01;2.28;25.51;12.87;2.35;0.89;34.3;9.9;0.0;0.0;0.0;0.0;7.83;2.98;0.0;0.0;0;0;;9.17;Net Distance (> 25.0 km/h) - ATT
674326;8.0;3.25;8.0;2.24;8.0;2.25;6.0;1.7;1.0;0.51;4.0;0.96;3.0;1.11;5.0;2.38;3.0;1.38;0.0;0.0;0;0;10.0;3.05;2.0;0.76;6.0;2.27;4.0;2.02;8.0;3.04;8.0;2.31;3.0;2.6;4.0;2.03;2.0;0.76;2.0;0.91;0;0;95.0;1.86;Run Count (>1.0s | 15.0 - 20.0 km/h)
674326;0.0;0.0;1.0;0.28;0.0;0.0;3.0;0.85;1.0;0.51;0.0;0.0;2.0;0.74;3.0;1.43;3.0;1.38;0.0;0.0;0;0;3.0;0.92;3.0;1.13;1.0;0.38;3.0;1.51;3.0;1.14;3.0;0.87;2.0;1.73;1.0;0.51;2.0;0.76;0.0;0.0;0;0;34.0;0.67;High Intensity Run Count (>1.0s | 20.0 - 25.0 km/h)
674326;1.0;0.41;2.0;0.56;1.0;0.28;0.0;0.0;1.0;0.51;1.0;0.24;1.0;0.37;1.0;0.48;0.0;0.0;0.0;0.0;0;0;0.0;0.0;1.0;0.38;0.0;0.0;0.0;0.0;0.0;0.0;0.0;0.0;0.0;0.0;0.0;0.0;1.0;0.38;0.0;0.0;0;0;10.0;0.2;Sprint Count (>1.0s | >25.0 km/h)
888778;308.85;61.77;396.88;79.38;311.61;62.32;285.83;57.17;282.74;56.55;289.99;58.0;280.89;56.18;286.63;57.33;285.72;57.14;68.25;40.38;0;0;424.19;84.84;324.67;64.93;304.93;60.99;267.04;53.41;310.18;62.04;278.38;55.68;194.72;38.94;262.13;52.43;315.44;63.09;265.48;67.49;0;0;5744.39;60.07;Gross Distance (Total)
888778;158.04;64.29;296.45;83.08;258.31;72.56;221.0;62.52;120.11;61.39;246.45;59.01;175.45;64.74;133.77;63.55;137.72;63.13;12.68;108.69;0;0;341.27;104.15;198.01;74.77;191.07;72.38;107.3;54.15;192.48;73.23;197.2;56.94;86.71;75.18;135.13;68.54;191.95;72.98;178.29;80.74;0;0;3579.39;70.23;Net Distance (Total)
888778;89.96;36.59;81.69;22.89;63.31;17.78;71.07;20.1;87.99;44.97;66.83;16.0;73.95;27.29;88.66;42.12;64.08;29.37;0.0;0.0;0;0;77.52;23.66;62.84;23.73;123.66;46.84;68.75;34.69;79.56;30.27;58.57;16.91;78.12;67.73;82.84;42.02;103.97;39.53;83.98;38.03;0;0;;74.43;Net Distance (Total) - DEF
888778;63.48;25.82;84.87;23.78;85.86;24.12;45.71;12.93;50.99;26.06;52.17;12.49;62.88;23.2;56.59;26.88;61.36;28.13;0.0;0.0;0;0;69.27;21.14;80.5;30.4;71.49;27.08;68.4;34.52;71.11;27.06;52.85;15.26;70.37;61.01;50.27;25.5;56.62;21.53;70.06;31.73;0;0;;65.32;Net Distance (Total) - ATT
888778;253.55;50.71;229.1;45.82;241.12;48.22;235.6;47.12;209.62;41.92;241.02;48.2;246.32;49.26;253.53;50.71;253.34;50.67;61.92;36.64;0;0;349.81;69.96;245.45;49.09;223.93;44.79;241.64;48.33;247.61;49.52;265.49;53.1;177.37;35.47;236.51;47.3;246.9;49.38;184.84;46.99;0;0;4644.52;48.57;Gross Distance (0 - 7.0 km/h)
888778;135.58;55.15;169.48;47.5;187.82;52.76;177.03;50.08;92.88;47.47;197.49;47.28;146.67;54.12;104.65;49.71;112.16;51.41;6.63;56.83;0;0;275.98;84.23;132.55;50.05;110.07;41.69;87.01;43.91;136.79;52.04;184.31;53.22;69.36;60.14;114.14;57.89;123.53;46.97;108.78;49.26;0;0;2672.91;52.44;Net Distance (0 - 7.0 km/h)
888778;65.31;26.57;54.57;15.29;54.9;15.42;59.57;16.85;44.61;22.8;55.07;13.19;63.76;23.53;39.13;18.59;55.62;25.49;0.0;0.0;0;0;60.36;18.42;53.0;20.01;31.81;12.05;58.37;29.46;64.23;24.44;55.27;15.96;78.12;67.73;63.41;32.16;46.57;17.71;65.96;29.87;0;0;;56.74;Net Distance (0 - 7.0 km/h) - DEF
888778;56.2;22.86;45.12;12.64;48.2;13.54;39.58;11.2;45.3;23.15;41.6;9.96;54.14;19.98;56.59;26.88;47.88;21.95;0.0;0.0;0;0;54.66;16.68;45.33;17.12;44.91;17.01;42.51;21.45;47.94;18.24;49.73;14.36;60.51;52.47;44.27;22.45;39.11;14.87;39.6;17.93;0;0;;47.61;Net Distance (0 - 7.0 km/h) - ATT
888778;55.3;11.06;135.96;27.19;61.94;12.39;46.45;9.29;58.39;11.68;48.97;9.79;32.65;6.53;33.1;6.62;32.38;6.48;5.96;3.53;0;0;68.95;13.79;74.5;14.9;47.34;9.47;25.4;5.08;60.75;12.15;12.89;2.58;16.22;3.24;20.08;4.02;65.79;13.16;65.15;16.56;0;0;968.2;10.13;Gross Distance (7.0 - 15.0 km/h)
888778;22.46;9.14;111.77;31.32;61.94;17.4;40.19;11.37;27.23;13.92;48.97;11.72;26.86;9.91;29.12;13.83;25.56;11.72;5.68;48.69;0;0;59.86;18.27;60.74;22.94;47.34;17.93;20.29;10.24;53.87;20.5;12.89;3.72;16.22;14.06;16.4;8.32;65.67;24.97;54.02;24.46;0;0;807.07;15.83;Net Distance (7.0 - 15.0 km/h)
888778;24.65;10.03;27.12;7.6;8.41;2.36;11.5;3.25;43.39;22.18;11.75;2.81;10.2;3.76;49.53;23.53;8.46;3.88;0.0;0.0;0;0;17.16;5.24;9.84;3.72;91.85;34.79;10.38;5.24;13.25;5.04;3.3;0.95;0.0;0.0;19.43;9.85;52.6;20.0;18.01;8.16;0;0;;17.33;Net Distance (7.0 - 15.0  km/h) - DEF
888778;7.27;2.96;30.19;8.46;32.31;9.08;6.14;1.74;5.69;2.91;10.57;2.53;8.74;3.23;0.0;0.0;13.48;6.18;0.0;0.0;0;0;14.6;4.46;35.17;13.28;19.17;7.26;25.89;13.06;23.17;8.82;3.11;0.9;8.57;7.43;6.01;3.05;17.51;6.66;30.45;13.79;0;0;;16.11;Net Distance (7.0 - 15.0  km/h) - ATT
888778;0.0;0.0;20.11;4.02;8.55;1.71;3.78;0.76;14.72;2.94;0.0;0.0;1.92;0.38;0.0;0.0;0.0;0.0;0.37;0.22;0;0;5.43;1.09;4.72;0.94;13.65;2.73;0.0;0.0;1.82;0.36;0.0;0.0;1.13;0.23;5.53;1.11;2.75;0.55;13.85;3.52;0;0;98.33;1.03;Gross Distance (15.0 - 20.0 km/h)
888778;0.0;0.0;3.5;0.98;8.55;2.4;3.78;1.07;0.0;0.0;0.0;0.0;1.92;0.71;0.0;0.0;0.0;0.0;0.37;3.17;0;0;5.43;1.66;4.72;1.78;13.65;5.17;0.0;0.0;1.82;0.69;0.0;0.0;1.13;0.98;4.6;2.33;2.75;1.05;13.85;6.27;0;0;66.06;1.3;Net Distance (15.0 - 20.0 km/h)
888778;0.0;0.0;0.0;0.0;0.0;0.0;0.0;0.0;0.0;0.0;0.0;0.0;0.0;0.0;0.0;0.0;0.0;0.0;0.0;0.0;0;0;0.0;0.0;0.0;0.0;0.0;0.0;0.0;0.0;2.08;0.79;0.0;0.0;0.0;0.0;0.0;0.0;4.81;1.83;0.0;0.0;0;0;;0.36;Net Distance (15.0 - 20.0 km/h) - DEF
888778;0.0;0.0;1.01;0.28;5.34;1.5;0.0;0.0;0.0;0.0;0.0;0.0;0.0;0.0;0.0;0.0;0.0;0.0;0.0;0.0;0;0;0.0;0.0;0.0;0.0;5.36;2.03;0.0;0.0;0.0;0.0;0.0;0.0;1.29;1.12;0.0;0.0;0.0;0.0;0.0;0.0;0;0;;0.85;Net Distance (15.0 - 20.0 km/h) - ATT
888778;0.0;0.0;11.7;2.34;0.0;0.0;0.0;0.0;0.0;0.0;0.0;0.0;0.0;0.0;0.0;0.0;0.0;0.0;0.0;0.0;0;0;0.0;0.0;0.0;0.0;8.65;1.73;0.0;0.0;0.0;0.0;0.0;0.0;0.0;0.0;0.0;0.0;0.0;0.0;1.64;0.42;0;0;21.99;0.23;Gross Distance (20.0 - 25.0 km/h)
888778;0.0;0.0;11.7;3.28;0.0;0.0;0.0;0.0;0.0;0.0;0.0;0.0;0.0;0.0;0.0;0.0;0.0;0.0;0.0;0.0;0;0;0.0;0.0;0.0;0.0;8.65;3.28;0.0;0.0;0.0;0.0;0.0;0.0;0.0;0.0;0.0;0.0;0.0;0.0;1.64;0.74;0;0;21.99;0.43;Net Distance (20.0 - 25.0 km/h)
888778;0.0;0.0;0.0;0.0;0.0;0.0;0.0;0.0;0.0;0.0;0.0;0.0;0.0;0.0;0.0;0.0;0.0;0.0;0.0;0.0;0;0;0.0;0.0;0.0;0.0;0.0;0.0;0.0;0.0;0.0;0.0;0.0;0.0;0.0;0.0;0.0;0.0;0.0;0.0;0.0;0.0;0;0;;0.0;Net Distance (20.0 - 25.0 km/h) - DEF
888778;0.0;0.0;1.19;0.33;0.0;0.0;0.0;0.0;0.0;0.0;0.0;0.0;0.0;0.0;0.0;0.0;0.0;0.0;0.0;0.0;0;0;0.0;0.0;0.0;0.0;2.05;0.78;0.0;0.0;0.0;0.0;0.0;0.0;0.0;0.0;0.0;0.0;0.0;0.0;0.0;0.0;0;0;;0.22;Net Distance (20.0 - 25.0 km/h) - ATT
888778;0.0;0.0;0.0;0.0;0.0;0.0;0.0;0.0;0.0;0.0;0.0;0.0;0.0;0.0;0.0;0.0;0.0;0.0;0.0;0.0;0;0;0.0;0.0;0.0;0.0;11.36;2.27;0.0;0.0;0.0;0.0;0.0;0.0;0.0;0.0;0.0;0.0;0.0;0.0;0.0;0.0;0;0;11.36;0.12;Gross Distance (> 25.0 km/h)
888778;0.0;0.0;0.0;0.0;0.0;0.0;0.0;0.0;0.0;0.0;0.0;0.0;0.0;0.0;0.0;0.0;0.0;0.0;0.0;0.0;0;0;0.0;0.0;0.0;0.0;11.36;4.3;0.0;0.0;0.0;0.0;0.0;0.0;0.0;0.0;0.0;0.0;0.0;0.0;0.0;0.0;0;0;11.36;0.22;Net Distance (> 25.0 km/h)
888778;0.0;0.0;0.0;0.0;0.0;0.0;0.0;0.0;0.0;0.0;0.0;0.0;0.0;0.0;0.0;0.0;0.0;0.0;0.0;0.0;0;0;0.0;0.0;0.0;0.0;0.0;0.0;0.0;0.0;0.0;0.0;0.0;0.0;0.0;0.0;0.0;0.0;0.0;0.0;0.0;0.0;0;0;;0.0;Net Distance (> 25.0 km/h) - DEF
888778;0.0;0.0;7.36;2.06;0.0;0.0;0.0;0.0;0.0;0.0;0.0;0.0;0.0;0.0;0.0;0.0;0.0;0.0;0.0;0.0;0;0;0.0;0.0;0.0;0.0;0.0;0.0;0.0;0.0;0.0;0.0;0.0;0.0;0.0;0.0;0.0;0.0;0.0;0.0;0.0;0.0;0;0;;0.53;Net Distance (> 25.0 km/h) - ATT
888778;0.0;0.0;1.0;0.28;1.0;0.28;0.0;0.0;1.0;0.51;0.0;0.0;0.0;0.0;0.0;0.0;0.0;0.0;0.0;0.0;0;0;1.0;0.31;1.0;0.38;1.0;0.38;0.0;0.0;0.0;0.0;0.0;0.0;0.0;0.0;1.0;0.51;0.0;0.0;2.0;0.91;0;0;9.0;0.18;Run Count (>1.0s | 15.0 - 20.0 km/h)
888778;0.0;0.0;1.0;0.28;0.0;0.0;0.0;0.0;0.0;0.0;0.0;0.0;0.0;0.0;0.0;0.0;0.0;0.0;0.0;0.0;0;0;0.0;0.0;0.0;0.0;0.0;0.0;0.0;0.0;0.0;0.0;0.0;0.0;0.0;0.0;0.0;0.0;0.0;0.0;0.0;0.0;0;0;1.0;0.02;High Intensity Run Count (>1.0s | 20.0 - 25.0 km/h)
888778;0.0;0.0;0.0;0.0;0.0;0.0;0.0;0.0;0.0;0.0;0.0;0.0;0.0;0.0;0.0;0.0;0.0;0.0;0.0;0.0;0;0;0.0;0.0;0.0;0.0;1.0;0.38;0.0;0.0;0.0;0.0;0.0;0.0;0.0;0.0;0.0;0.0;0.0;0.0;0.0;0.0;0;0;1.0;0.02;Sprint Count (>1.0s | >25.0 km/h)
889111;594.18;118.84;752.17;150.43;608.3;121.66;739.51;147.9;620.43;124.09;679.5;135.9;618.99;123.8;538.92;107.78;635.07;127.01;65.36;38.67;0;0;800.11;160.02;592.94;118.59;639.02;127.8;530.37;106.07;489.74;97.95;609.42;121.88;452.36;90.47;490.43;98.09;589.02;117.8;418.21;106.32;0;0;11463.88;119.89;Gross Distance (Total)
889111;407.17;165.63;612.39;171.62;495.79;139.27;571.21;161.59;346.8;177.24;604.11;144.64;421.96;155.7;374.76;178.03;336.53;154.25;14.5;124.29;0;0;627.69;191.56;430.41;162.52;405.21;153.49;278.82;140.7;360.04;136.98;501.83;144.9;169.9;147.31;246.68;125.11;404.97;153.98;287.68;130.27;0;0;7898.46;154.96;Net Distance (Total)
889111;156.56;63.69;177.0;49.6;131.56;36.96;154.33;43.66;213.85;109.29;148.12;35.46;144.32;53.25;231.58;110.01;124.78;57.19;0.0;0.0;0;0;151.18;46.14;150.79;56.94;194.77;73.78;177.14;89.39;143.87;54.74;130.07;37.56;131.95;114.41;148.4;75.27;190.68;72.5;154.83;70.11;0;0;;153.92;Net Distance (Total) - DEF
889111;179.68;73.09;172.57;48.36;140.51;39.47;161.55;45.7;170.2;86.98;138.65;33.2;157.83;58.24;186.68;88.68;165.67;75.94;0.0;0.0;0;0;182.55;55.71;146.38;55.27;151.69;57.46;131.7;66.46;133.88;50.94;163.46;47.2;149.84;129.92;127.67;64.75;129.51;49.24;132.75;60.11;0;0;;155.7;Net Distance (Total) - ATT
889111;174.12;34.82;184.38;36.88;198.16;39.63;194.45;38.89;183.76;36.75;248.12;49.62;220.59;44.12;193.46;38.69;213.68;42.74;56.83;33.63;0;0;262.57;52.51;203.39;40.68;200.11;40.02;229.53;45.91;189.57;37.91;239.24;47.85;199.08;39.82;205.64;41.13;210.43;42.09;184.01;46.78;0;0;3990.97;41.74;Gross Distance (0 - 7.0 km/h)
889111;73.85;30.04;106.09;29.73;142.24;39.96;137.46;38.89;62.56;31.97;200.86;48.09;116.36;42.94;57.44;27.29;82.6;37.86;6.67;57.17;0;0;181.27;55.32;97.64;36.87;111.58;42.27;82.53;41.65;95.98;36.52;149.5;43.17;41.64;36.1;77.23;39.17;98.69;37.52;99.84;45.21;0;0;2022.02;39.67;Net Distance (0 - 7.0 km/h)
889111;31.62;12.86;26.55;7.44;45.59;12.81;40.78;11.54;28.84;14.74;51.15;12.25;40.14;14.81;15.27;7.25;47.43;21.74;0.0;0.0;0;0;40.25;12.28;49.42;18.66;32.39;12.27;33.46;16.88;28.1;10.69;42.92;12.39;16.41;14.23;23.56;11.95;24.01;9.13;41.38;18.74;0;0;;38.19;Net Distance (0 - 7.0 km/h) - DEF
889111;27.08;11.02;31.8;8.91;38.04;10.69;40.94;11.58;31.65;16.18;50.76;12.15;47.64;17.58;25.12;11.93;36.38;16.68;0.0;0.0;0;0;35.77;10.92;37.99;14.34;45.76;17.33;34.22;17.27;38.09;14.49;38.41;11.09;36.67;31.79;34.47;17.48;47.71;18.14;39.15;17.73;0;0;;38.45;Net Distance (0 - 7.0 km/h) - ATT
889111;252.4;50.48;334.57;66.91;234.42;46.88;303.08;60.62;254.91;50.98;286.12;57.22;249.81;49.96;195.42;39.08;260.09;52.02;8.53;5.05;0;0;270.89;54.18;201.49;40.3;240.28;48.06;192.49;38.5;246.63;49.33;222.81;44.56;178.23;35.65;252.74;50.55;246.43;49.29;174.98;44.49;0;0;4606.32;48.17;Gross Distance (7.0 - 15.0 km/h)
889111;185.85;75.6;285.81;80.1;197.57;55.5;208.1;58.87;143.2;73.19;257.99;61.77;157.02;57.94;167.29;79.47;156.36;71.67;7.83;67.11;0;0;203.63;62.15;158.58;59.88;146.77;55.59;109.47;55.24;211.24;80.37;204.96;59.18;102.48;88.86;145.76;73.93;185.23;70.43;141.65;64.14;0;0;3376.78;66.25;Net Distance (7.0 - 15.0 km/h)
889111;108.44;44.11;87.0;24.38;65.36;18.36;43.97;12.44;53.59;27.39;57.46;13.76;55.65;20.54;101.09;48.02;54.39;24.93;0.0;0.0;0;0;63.05;19.24;26.84;10.13;21.94;8.31;72.76;36.72;101.17;38.49;60.48;17.46;115.54;100.18;118.27;59.98;91.08;34.63;65.34;29.59;0;0;;67.44;Net Distance (7.0 - 15.0  km/h) - DEF
889111;63.82;25.96;73.81;20.68;44.84;12.6;74.62;21.11;75.9;38.79;52.44;12.56;52.92;19.53;74.31;35.3;70.08;32.12;0.0;0.0;0;0;51.45;15.7;86.39;32.62;51.97;19.69;62.44;31.51;75.04;28.55;49.46;14.28;86.77;75.23;59.91;30.39;40.88;15.54;72.27;32.73;0;0;;62.89;Net Distance (7.0 - 15.0  km/h) - ATT
889111;133.65;26.73;172.56;34.51;99.43;19.89;172.73;34.55;97.18;19.44;101.39;20.28;74.19;14.84;46.21;9.24;99.71;19.94;0.0;0.0;0;0;127.06;25.41;119.6;23.92;101.42;20.28;45.67;9.13;44.35;8.87;72.25;14.45;65.58;13.12;24.96;4.99;42.1;8.42;54.29;13.8;0;0;1694.32;17.72;Gross Distance (15.0 - 20.0 km/h)
889111;113.47;46.16;159.83;44.79;83.91;23.57;160.87;45.51;70.65;36.11;101.39;24.28;74.19;27.38;46.21;21.95;35.98;16.49;0.0;0.0;0;0;107.32;32.75;107.28;40.51;71.82;27.2;37.46;18.9;43.62;16.6;72.25;20.86;16.31;14.14;16.59;8.41;35.42;13.47;41.27;18.69;0;0;1395.82;27.39;Net Distance (15.0 - 20.0 km/h)
889111;16.5;6.71;18.81;5.27;9.17;2.58;21.88;6.19;8.51;4.35;25.24;6.04;24.26;8.95;16.17;7.68;10.22;4.68;0.0;0.0;0;0;10.69;3.26;16.57;6.26;26.96;10.21;5.64;2.85;8.89;3.38;7.32;2.11;0.0;0.0;5.58;2.83;14.57;5.54;22.01;9.97;0;0;;14.42;Net Distance (15.0 - 20.0 km/h) - DEF
889111;49.48;20.13;31.53;8.84;15.31;4.3;5.8;1.64;13.4;6.85;12.04;2.88;11.29;4.17;3.67;1.74;7.53;3.45;0.0;0.0;0;0;16.06;4.9;22.0;8.31;11.12;4.21;13.57;6.85;15.02;5.71;29.41;8.49;8.45;7.33;5.67;2.88;4.74;1.8;11.2;5.07;0;0;;16.21;Net Distance (15.0 - 20.0 km/h) - ATT
889111;16.01;3.2;46.14;9.23;53.36;10.67;34.15;6.83;56.01;11.2;43.88;8.78;44.28;8.86;53.55;10.71;41.08;8.22;0.0;0.0;0;0;83.55;16.71;68.46;13.69;54.43;10.89;51.89;10.38;9.19;1.84;39.13;7.83;9.47;1.89;7.1;1.42;41.34;8.27;4.93;1.25;0;0;757.95;7.93;Gross Distance (20.0 - 25.0 km/h)
889111;16.01;6.51;46.14;12.93;50.73;14.25;32.29;9.13;41.83;21.38;43.88;10.51;44.28;16.34;53.55;25.44;41.08;18.83;0.0;0.0;0;0;79.43;24.24;66.92;25.27;46.9;17.77;38.58;19.47;9.19;3.5;39.13;11.3;9.47;8.21;7.1;3.6;38.15;14.51;4.93;2.23;0;0;709.58;13.92;Net Distance (20.0 - 25.0 km/h)
889111;0.0;0.0;28.1;7.87;7.23;2.03;42.98;12.16;38.41;19.63;14.28;3.42;14.5;5.35;15.75;7.48;12.75;5.84;0.0;0.0;0;0;18.75;5.72;11.24;4.24;26.66;10.1;10.09;5.09;4.28;1.63;5.13;1.48;0.0;0.0;1.0;0.51;4.16;1.58;11.09;5.02;0;0;;15.2;Net Distance (20.0 - 25.0 km/h) - DEF
889111;15.81;6.43;17.36;4.87;12.7;3.57;2.48;0.7;17.92;9.16;7.66;1.83;6.25;2.31;9.11;4.33;10.11;4.63;0.0;0.0;0;0;13.98;4.27;0.0;0.0;15.09;5.72;11.37;5.74;4.82;1.83;8.33;2.41;7.17;6.22;10.79;5.47;5.51;2.1;10.13;4.59;0;0;;10.21;Net Distance (20.0 - 25.0 km/h) - ATT
889111;18.0;3.6;14.52;2.9;22.93;4.59;35.1;7.02;28.56;5.71;0.0;0.0;30.11;6.02;50.28;10.06;20.51;4.1;0.0;0.0;0;0;56.05;11.21;0.0;0.0;42.78;8.56;10.79;2.16;0.0;0.0;35.99;7.2;0.0;0.0;0.0;0.0;48.71;9.74;0.0;0.0;0;0;414.32;4.33;Gross Distance (> 25.0 km/h)
889111;18.0;7.32;14.52;4.07;21.35;6.0;32.49;9.19;28.56;14.6;0.0;0.0;30.11;11.11;50.28;23.89;20.51;9.4;0.0;0.0;0;0;56.05;17.11;0.0;0.0;28.15;10.66;10.79;5.44;0.0;0.0;35.99;10.39;0.0;0.0;0.0;0.0;47.48;18.05;0.0;0.0;0;0;394.27;7.74;Net Distance (> 25.0 km/h)
889111;0.0;0.0;16.54;4.64;4.22;1.19;4.72;1.34;17.56;8.97;0.0;0.0;9.77;3.61;37.84;17.98;0.0;0.0;0.0;0.0;0;0;18.44;5.63;46.73;17.65;86.82;32.89;52.97;26.73;1.42;0.54;8.95;2.58;0.0;0.0;0.0;0.0;25.28;9.61;15.0;6.79;0;0;;13.03;Net Distance (> 25.0 km/h) - DEF
889111;11.05;4.49;9.31;2.61;16.27;4.57;16.1;4.55;31.33;16.01;15.74;3.77;15.8;5.83;36.7;17.43;27.73;12.71;0.0;0.0;0;0;28.12;8.58;0.0;0.0;10.13;3.84;10.1;5.1;0.92;0.35;19.86;5.73;10.78;9.35;16.84;8.54;15.53;5.9;0.0;0.0;0;0;;15.6;Net Distance (> 25.0 km/h) - ATT
889111;8.0;3.25;9.0;2.52;6.0;1.69;7.0;1.98;5.0;2.56;4.0;0.96;4.0;1.48;2.0;0.95;5.0;2.29;0.0;0.0;0;0;5.0;1.53;4.0;1.51;3.0;1.14;2.0;1.01;4.0;1.52;4.0;1.15;3.0;2.6;2.0;1.01;2.0;0.76;5.0;2.26;0;0;84.0;1.65;Run Count (>1.0s | 15.0 - 20.0 km/h)
889111;0.0;0.0;3.0;0.84;3.0;0.84;1.0;0.28;3.0;1.53;5.0;1.2;4.0;1.48;2.0;0.95;0.0;0.0;0.0;0.0;0;0;4.0;1.22;3.0;1.13;1.0;0.38;4.0;2.02;1.0;0.38;1.0;0.29;1.0;0.87;1.0;0.51;0.0;0.0;0.0;0.0;0;0;37.0;0.73;High Intensity Run Count (>1.0s | 20.0 - 25.0 km/h)
889111;1.0;0.41;1.0;0.28;1.0;0.28;2.0;0.57;1.0;0.51;0.0;0.0;1.0;0.37;2.0;0.95;2.0;0.92;0.0;0.0;0;0;2.0;0.61;0.0;0.0;3.0;1.14;1.0;0.5;0.0;0.0;2.0;0.58;0.0;0.0;0.0;0.0;4.0;1.52;0.0;0.0;0;0;23.0;0.45;Sprint Count (>1.0s | >25.0 km/h)
889444;596.16;119.23;642.65;128.53;542.29;108.46;606.96;121.39;457.27;91.45;565.06;113.01;552.66;110.53;527.94;105.59;403.5;80.7;93.03;55.05;0;0;667.22;133.44;443.6;88.72;509.48;101.9;392.56;78.51;520.0;104.0;466.61;93.32;95.55;50.73;0.0;0.0;0.0;0.0;0.0;0.0;0;0;8082.55;102.87;Gross Distance (Total)
889444;332.4;135.21;531.74;149.02;455.93;128.07;488.07;138.07;281.73;143.98;512.84;122.79;353.5;130.44;317.59;150.87;221.27;101.42;13.4;114.86;0;0;525.12;160.26;292.79;110.56;343.7;130.19;158.28;79.87;327.39;124.56;383.58;110.75;10.96;219.2;0.0;0.0;0.0;0.0;0.0;0.0;0;0;5550.3;128.91;Net Distance (Total)
889444;128.81;52.4;176.39;49.43;130.38;36.62;146.78;41.52;237.31;121.28;139.34;33.36;126.47;46.67;239.47;113.76;124.29;56.97;0.0;0.0;0;0;152.03;46.4;129.19;48.78;214.67;81.31;131.81;66.51;147.82;56.24;126.7;36.58;0.0;0.0;0.0;0.0;0.0;0.0;0.0;0.0;0;0;;146.72;Net Distance (Total) - DEF
889444;137.97;56.12;140.85;39.47;129.22;36.3;142.57;40.33;98.16;50.17;109.58;26.24;142.34;52.52;140.79;66.88;96.41;44.19;0.0;0.0;0;0;137.58;41.99;84.18;31.79;116.97;44.31;88.86;44.84;110.85;42.18;91.11;26.31;0.0;0.0;0.0;0.0;0.0;0.0;0.0;0.0;0;0;;119.86;Net Distance (Total) - ATT
889444;169.44;33.89;171.56;34.31;209.5;41.9;213.76;42.75;204.82;40.96;224.95;44.99;209.82;41.96;209.91;41.98;262.94;52.59;64.12;37.94;0;0;287.73;57.55;226.8;45.36;201.19;40.24;211.09;42.22;231.1;46.22;205.15;41.03;83.81;44.5;0.0;0.0;0.0;0.0;0.0;0.0;0;0;3387.69;43.12;Gross Distance (0 - 7.0 km/h)
889444;80.5;32.75;106.84;29.94;148.24;41.64;144.05;40.75;77.36;39.54;176.26;42.2;119.84;44.22;80.04;38.02;114.45;52.46;7.02;60.17;0;0;193.0;58.9;126.62;47.81;101.08;38.29;75.71;38.21;110.32;41.97;138.78;40.07;0.0;0.0;0.0;0.0;0.0;0.0;0.0;0.0;0;0;1800.11;41.81;Net Distance (0 - 7.0 km/h)
889444;39.07;15.89;20.62;5.78;43.49;12.22;37.05;10.48;21.01;10.74;30.83;7.38;39.59;14.61;9.58;4.55;54.54;25.0;0.0;0.0;0;0;31.23;9.53;40.64;15.35;35.79;13.56;44.37;22.39;24.45;9.3;35.27;10.18;0.0;0.0;0.0;0.0;0.0;0.0;0.0;0.0;0;0;;34.57;Net Distance (0 - 7.0 km/h) - DEF
889444;31.94;12.99;27.98;7.84;37.74;10.6;38.4;10.86;48.37;24.72;50.64;12.12;42.18;15.56;47.17;22.41;53.69;24.61;0.0;0.0;0;0;45.5;13.89;57.84;21.84;41.77;15.82;39.42;19.89;48.17;18.33;40.31;11.64;0.0;0.0;0.0;0.0;0.0;0.0;0.0;0.0;0;0;;43.17;Net Distance (0 - 7.0 km/h) - ATT
889444;371.77;74.35;356.71;71.34;284.4;56.88;278.26;55.65;140.59;28.12;221.59;44.32;250.75;50.15;218.14;43.63;122.71;24.54;28.91;17.11;0;0;251.51;50.3;163.15;32.63;219.86;43.97;118.03;23.61;225.12;45.02;232.35;46.47;9.92;5.27;0.0;0.0;0.0;0.0;0.0;0.0;0;0;3493.77;44.47;Gross Distance (7.0 - 15.0 km/h)
889444;233.58;95.02;310.52;87.02;259.29;72.83;229.73;64.99;108.46;55.43;218.06;52.21;141.57;52.24;164.99;78.38;91.16;41.78;6.39;54.77;0;0;204.14;62.3;112.53;42.49;154.2;58.41;51.65;26.06;192.83;73.37;217.84;62.9;9.14;182.8;0.0;0.0;0.0;0.0;0.0;0.0;0;0;2706.05;62.85;Net Distance (7.0 - 15.0 km/h)
889444;89.74;36.5;75.54;21.17;60.74;17.06;82.37;23.3;67.48;34.49;55.6;13.31;70.26;25.93;119.98;57.0;34.37;15.75;0.0;0.0;0;0;79.82;24.36;44.71;16.88;26.44;10.02;40.37;20.37;114.75;43.66;78.8;22.75;0.0;0.0;0.0;0.0;0.0;0.0;0.0;0.0;0;0;;72.22;Net Distance (7.0 - 15.0  km/h) - DEF
889444;93.38;37.99;103.1;28.89;80.7;22.67;54.82;15.51;49.8;25.45;36.97;8.85;41.25;15.22;73.18;34.76;42.71;19.58;0.0;0.0;0;0;48.23;14.72;26.34;9.95;63.03;23.88;49.44;24.95;58.26;22.17;42.95;12.4;0.0;0.0;0.0;0.0;0.0;0.0;0.0;0.0;0;0;;58.85;Net Distance (7.0 - 15.0  km/h) - ATT
889444;36.0;7.2;88.25;17.65;35.52;7.1;49.81;9.96;30.44;6.09;89.96;17.99;83.82;16.76;52.95;10.59;8.63;1.73;0.0;0.0;0;0;74.34;14.87;41.18;8.24;49.57;9.91;39.5;7.9;52.57;10.51;29.1;5.82;1.82;0.97;0.0;0.0;0.0;0.0;0.0;0.0;0;0;763.46;9.72;Gross Distance (15.0 - 20.0 km/h)
889444;16.79;6.83;88.25;24.73;35.52;9.98;49.16;13.91;14.89;7.61;89.96;21.54;83.82;30.93;25.62;12.17;6.44;2.95;0.0;0.0;0;0;74.34;22.69;41.18;15.55;49.57;18.78;21.67;10.94;24.24;9.22;26.96;7.78;1.82;36.4;0.0;0.0;0.0;0.0;0.0;0.0;0;0;650.23;15.1;Net Distance (15.0 - 20.0 km/h)
889444;0.0;0.0;39.9;11.18;12.39;3.48;6.92;1.96;5.66;2.89;21.62;5.18;10.8;3.99;5.83;2.77;7.32;3.36;0.0;0.0;0;0;15.29;4.67;14.76;5.57;23.29;8.82;6.21;3.13;8.61;3.28;6.55;1.89;0.0;0.0;0.0;0.0;0.0;0.0;0.0;0.0;0;0;;12.52;Net Distance (15.0 - 20.0 km/h) - DEF
889444;8.07;3.28;6.96;1.95;6.37;1.79;3.29;0.93;0.0;0.0;13.92;3.33;27.59;10.18;4.32;2.05;0.0;0.0;0.0;0.0;0;0;6.5;1.98;0.0;0.0;3.74;1.42;0.0;0.0;4.42;1.68;7.85;2.27;0.0;0.0;0.0;0.0;0.0;0.0;0.0;0.0;0;0;;6.9;Net Distance (15.0 - 20.0 km/h) - ATT
889444;18.95;3.79;26.13;5.23;12.88;2.58;35.92;7.18;42.31;8.46;25.14;5.03;8.27;1.65;13.77;2.75;9.22;1.84;0.0;0.0;0;0;52.33;10.47;12.47;2.49;38.86;7.77;22.67;4.53;11.21;2.24;0.0;0.0;0.0;0.0;0.0;0.0;0.0;0.0;0.0;0.0;0;0;330.14;4.2;Gross Distance (20.0 - 25.0 km/h)
889444;1.53;0.62;26.13;7.32;12.88;3.62;35.92;10.16;41.92;21.42;25.14;6.02;8.27;3.05;13.77;6.54;9.22;4.23;0.0;0.0;0;0;52.33;15.97;12.47;4.71;38.86;14.72;7.96;4.02;0.0;0.0;0.0;0.0;0.0;0.0;0.0;0.0;0.0;0.0;0.0;0.0;0;0;286.41;6.65;Net Distance (20.0 - 25.0 km/h)
889444;0.0;0.0;10.12;2.84;6.8;1.91;7.56;2.14;8.47;4.33;10.78;2.58;5.83;2.15;0.87;0.41;6.52;2.99;0.0;0.0;0;0;6.8;2.08;11.85;4.47;35.75;13.54;14.41;7.27;0.0;0.0;6.08;1.76;0.0;0.0;0.0;0.0;0.0;0.0;0.0;0.0;0;0;;7.31;Net Distance (20.0 - 25.0 km/h) - DEF
889444;3.52;1.43;2.8;0.78;1.26;0.35;5.94;1.68;0.0;0.0;5.83;1.4;24.75;9.13;6.44;3.06;0.0;0.0;0.0;0.0;0;0;11.97;3.65;0.0;0.0;3.08;1.17;0.0;0.0;0.0;0.0;0.0;0.0;0.0;0.0;0.0;0.0;0.0;0.0;0.0;0.0;0;0;;4.68;Net Distance (20.0 - 25.0 km/h) - ATT
889444;0.0;0.0;0.0;0.0;0.0;0.0;29.2;5.84;39.11;7.82;3.42;0.68;0.0;0.0;33.17;6.63;0.0;0.0;0.0;0.0;0;0;1.31;0.26;0.0;0.0;0.0;0.0;1.28;0.26;0.0;0.0;0.0;0.0;0.0;0.0;0.0;0.0;0.0;0.0;0.0;0.0;0;0;107.48;1.37;Gross Distance (> 25.0 km/h)
889444;0.0;0.0;0.0;0.0;0.0;0.0;29.2;8.26;39.11;19.99;3.42;0.82;0.0;0.0;33.17;15.76;0.0;0.0;0.0;0.0;0;0;1.31;0.4;0.0;0.0;0.0;0.0;1.28;0.65;0.0;0.0;0.0;0.0;0.0;0.0;0.0;0.0;0.0;0.0;0.0;0.0;0;0;107.48;2.5;Net Distance (> 25.0 km/h)
889444;0.0;0.0;30.21;8.47;6.95;1.95;12.87;3.64;71.24;36.41;16.83;4.03;0.0;0.0;3.33;1.58;21.53;9.87;0.0;0.0;0;0;18.89;5.77;17.24;6.51;93.4;35.38;22.25;11.23;0.0;0.0;0.0;0.0;0.0;0.0;0.0;0.0;0.0;0.0;0.0;0.0;0;0;;14.26;Net Distance (> 25.0 km/h) - DEF
889444;1.06;0.43;0.0;0.0;3.15;0.88;14.4;4.07;0.0;0.0;2.23;0.53;6.57;2.42;9.68;4.6;0.0;0.0;0.0;0.0;0;0;24.51;7.48;0.0;0.0;5.35;2.03;0.0;0.0;0.0;0.0;0.0;0.0;0.0;0.0;0.0;0.0;0.0;0.0;0.0;0.0;0;0;;4.65;Net Distance (> 25.0 km/h) - ATT
889444;2.0;0.81;6.0;1.68;3.0;0.84;3.0;0.85;2.0;1.02;7.0;1.68;4.0;1.48;2.0;0.95;0.0;0.0;0.0;0.0;0;0;2.0;0.61;3.0;1.13;1.0;0.38;1.0;0.5;2.0;0.76;2.0;0.58;0.0;0.0;0.0;0.0;0.0;0.0;0.0;0.0;0;0;40.0;0.93;Run Count (>1.0s | 15.0 - 20.0 km/h)
889444;1.0;0.41;1.0;0.28;1.0;0.28;2.0;0.57;0.0;0.0;1.0;0.24;1.0;0.37;1.0;0.48;1.0;0.46;0.0;0.0;0;0;2.0;0.61;0.0;0.0;3.0;1.14;2.0;1.01;1.0;0.38;0.0;0.0;0.0;0.0;0.0;0.0;0.0;0.0;0.0;0.0;0;0;17.0;0.39;High Intensity Run Count (>1.0s | 20.0 - 25.0 km/h)
889444;0.0;0.0;0.0;0.0;0.0;0.0;1.0;0.28;2.0;1.02;0.0;0.0;0.0;0.0;1.0;0.48;0.0;0.0;0.0;0.0;0;0;0.0;0.0;0.0;0.0;0.0;0.0;0.0;0.0;0.0;0.0;0.0;0.0;0.0;0.0;0.0;0.0;0.0;0.0;0.0;0.0;0;0;4.0;0.09;Sprint Count (>1.0s | >25.0 km/h)
889777;774.16;154.83;790.32;158.06;671.27;134.25;673.23;134.65;460.97;92.19;668.79;133.76;655.66;131.13;591.05;118.21;641.7;128.34;89.47;52.94;0;0;751.95;150.39;623.29;124.66;680.95;136.19;594.01;118.8;586.33;117.27;674.39;134.88;385.12;77.02;607.21;121.44;676.41;135.28;494.62;125.75;0;0;12090.15;126.44;Gross Distance (Total)
889777;460.19;187.2;671.53;188.19;560.2;157.36;553.54;156.59;292.96;149.72;586.58;140.44;480.32;177.24;358.38;170.25;391.21;179.32;15.4;132.0;0;0;583.89;178.2;462.46;174.62;510.73;193.46;301.38;152.08;378.4;143.97;566.87;163.68;197.37;171.13;348.89;176.95;447.64;170.21;366.18;165.82;0;0;8534.12;167.43;Net Distance (Total)
889777;111.8;45.48;193.75;54.3;176.84;49.67;148.33;41.96;183.9;93.99;103.56;24.79;172.32;63.59;199.87;94.95;149.81;68.67;0.0;0.0;0;0;156.74;47.84;170.44;64.36;210.0;79.55;158.72;80.09;162.0;61.64;140.16;40.47;96.32;83.51;209.36;106.18;177.33;67.43;166.33;75.32;0;0;;160.08;Net Distance (Total) - DEF
889777;198.57;80.77;197.28;55.29;157.3;44.19;160.99;45.54;140.5;71.81;159.8;38.26;170.82;63.03;185.41;88.08;195.09;89.42;0.0;0.0;0;0;178.95;54.61;163.77;61.84;186.84;70.77;167.6;84.58;131.24;49.93;205.34;59.29;178.05;154.38;202.71;102.81;170.24;64.73;165.38;74.89;0;0;;174.15;Net Distance (Total) - ATT
889777;167.94;33.59;186.89;37.38;191.0;38.2;230.47;46.09;219.12;43.82;233.2;46.64;181.26;36.25;145.02;29.0;222.19;44.44;72.14;42.69;0;0;189.83;37.97;196.63;39.33;189.93;37.99;191.29;38.26;186.83;37.37;168.46;33.69;177.58;35.52;212.05;42.41;214.31;42.86;169.31;43.04;0;0;3745.43;39.17;Gross Distance (0 - 7.0 km/h)
889777;61.81;25.14;97.31;27.27;114.54;32.17;112.54;31.84;82.49;42.16;189.79;45.44;66.29;24.46;64.22;30.51;49.23;22.57;7.41;63.51;0;0;131.21;40.04;73.75;27.85;57.33;21.72;71.8;36.23;91.85;34.95;107.84;31.14;23.02;19.96;40.85;20.72;63.46;24.13;64.41;29.17;0;0;1571.15;30.82;Net Distance (0 - 7.0 km/h)
889777;58.88;23.95;20.8;5.83;24.65;6.92;34.02;9.62;32.39;16.55;60.3;14.44;24.85;9.17;15.34;7.29;40.49;18.56;0.0;0.0;0;0;23.14;7.06;32.78;12.38;20.89;7.91;23.03;11.62;30.13;11.46;43.56;12.58;71.85;62.3;7.45;3.78;13.61;5.17;31.39;14.21;0;0;;32.08;Net Distance (0 - 7.0 km/h) - DEF
889777;18.74;7.62;26.26;7.36;33.73;9.47;31.43;8.89;49.33;25.21;41.09;9.84;28.39;10.48;24.91;11.83;16.1;7.38;0.0;0.0;0;0;33.36;10.18;23.8;8.99;22.32;8.45;34.51;17.41;40.0;15.22;15.62;4.51;17.52;15.19;14.26;7.23;22.79;8.67;33.01;14.95;0;0;;28.49;Net Distance (0 - 7.0 km/h) - ATT
889777;391.16;78.23;341.7;68.34;302.56;60.51;343.42;68.68;162.15;32.43;255.22;51.04;338.36;67.67;287.3;57.46;273.48;54.7;17.33;10.25;0;0;399.53;79.91;296.79;59.36;311.71;62.34;295.97;59.19;343.67;68.73;361.91;72.38;159.05;31.81;295.36;59.07;347.21;69.44;229.38;58.32;0;0;5753.27;60.17;Gross Distance (7.0 - 15.0 km/h)
889777;208.85;84.96;312.49;87.57;269.53;75.71;341.66;96.65;131.11;67.01;221.55;53.04;277.99;102.58;175.77;83.5;206.88;94.83;7.99;68.49;0;0;318.04;97.06;259.27;97.9;274.09;103.82;142.08;71.7;230.72;87.78;315.49;91.09;134.71;116.8;211.27;107.15;271.06;103.06;207.6;94.01;0;0;4518.14;88.64;Net Distance (7.0 - 15.0 km/h)
889777;52.93;21.53;136.71;38.31;97.43;27.37;94.9;26.85;91.46;46.74;41.85;10.02;110.04;40.61;109.4;51.97;59.29;27.18;0.0;0.0;0;0;118.57;36.19;86.79;32.77;116.73;44.22;98.8;49.86;75.15;28.59;79.68;23.01;24.46;21.21;151.04;76.61;122.57;46.6;79.48;35.99;0;0;;93.44;Net Distance (7.0 - 15.0  km/h) - DEF
889777;89.64;36.46;66.61;18.67;65.52;18.4;91.22;25.8;41.42;21.17;50.72;12.14;98.88;36.49;64.09;30.45;104.53;47.91;0.0;0.0;0;0;79.62;24.3;115.2;43.5;106.45;40.32;51.5;25.99;82.96;31.56;100.83;29.11;125.96;109.21;107.34;54.44;109.13;41.49;95.35;43.18;0;0;;84.81;Net Distance (7.0 - 15.0  km/h) - ATT
889777;155.41;31.08;114.17;22.83;99.97;19.99;73.96;14.79;50.4;10.08;87.31;17.46;72.72;14.54;138.22;27.64;117.5;23.5;0.0;0.0;0;0;116.19;23.24;56.0;11.2;106.57;21.31;96.76;19.35;47.93;9.59;93.4;18.68;30.15;6.03;85.35;17.07;96.43;19.29;49.14;12.49;0;0;1687.57;17.65;Gross Distance (15.0 - 20.0 km/h)
889777;130.19;52.96;114.17;32.0;98.38;27.63;73.96;20.92;50.06;25.58;85.45;20.46;72.72;26.83;97.88;46.5;106.57;48.85;0.0;0.0;0;0;92.64;28.27;55.57;20.98;106.57;40.37;77.51;39.11;47.93;18.24;92.91;26.83;27.3;23.67;82.32;41.75;94.66;35.99;48.14;21.8;0;0;1554.93;30.51;Net Distance (15.0 - 20.0 km/h)
889777;0.0;0.0;5.88;1.65;18.91;5.31;3.7;1.05;10.68;5.46;1.41;0.34;2.71;1.0;75.12;35.69;31.16;14.28;0.0;0.0;0;0;2.11;0.64;3.81;1.44;9.96;3.77;20.56;10.38;36.78;13.99;8.93;2.58;0.0;0.0;50.87;25.8;9.99;3.8;5.69;2.58;0;0;;13.41;Net Distance (15.0 - 20.0 km/h) - DEF
889777;28.04;11.41;28.95;8.11;9.26;2.6;22.31;6.31;8.48;4.33;14.3;3.42;15.23;5.62;36.74;17.45;38.47;17.63;0.0;0.0;0;0;32.51;9.92;21.27;8.03;25.94;9.83;31.92;16.11;1.81;0.69;34.88;10.07;16.3;14.13;25.77;13.07;17.08;6.49;15.48;7.01;0;0;;21.97;Net Distance (15.0 - 20.0 km/h) - ATT
889777;59.65;11.93;72.64;14.53;48.54;9.71;25.39;5.08;24.4;4.88;53.64;10.73;52.61;10.52;20.51;4.1;18.38;3.68;0.0;0.0;0;0;46.4;9.28;43.35;8.67;61.53;12.31;9.99;2.0;7.9;1.58;23.42;4.68;18.34;3.67;14.45;2.89;18.47;3.69;27.36;6.96;0;0;646.97;6.77;Gross Distance (20.0 - 25.0 km/h)
889777;59.34;24.14;72.64;20.36;48.54;13.63;25.39;7.18;24.4;12.47;50.37;12.06;52.61;19.41;20.51;9.74;18.38;8.42;0.0;0.0;0;0;42.0;12.82;43.35;16.37;61.53;23.31;9.99;5.04;7.9;3.01;23.42;6.76;12.35;10.71;14.45;7.33;18.47;7.02;27.36;12.39;0;0;633.0;12.42;Net Distance (20.0 - 25.0 km/h)
889777;0.0;0.0;8.22;2.3;34.86;9.79;6.82;1.93;13.28;6.79;0.0;0.0;2.91;1.07;0.0;0.0;18.87;8.65;0.0;0.0;0;0;8.16;2.49;3.14;1.19;37.03;14.03;7.98;4.03;13.09;4.98;3.66;1.06;0.0;0.0;0.0;0.0;11.98;4.56;7.02;3.18;0;0;;9.17;Net Distance (20.0 - 25.0 km/h) - DEF
889777;31.64;12.87;20.26;5.68;7.53;2.12;3.97;1.12;28.41;14.52;18.42;4.41;9.07;3.35;36.64;17.41;16.75;7.68;0.0;0.0;0;0;14.56;4.44;3.5;1.32;12.25;4.64;36.98;18.66;4.1;1.56;15.14;4.37;4.21;3.65;28.77;14.59;20.15;7.66;18.45;8.35;0;0;;16.35;Net Distance (20.0 - 25.0 km/h) - ATT
889777;0.0;0.0;74.91;14.98;29.21;5.84;0.0;0.0;4.9;0.98;39.42;7.88;10.71;2.14;0.0;0.0;10.15;2.03;0.0;0.0;0;0;0.0;0.0;30.53;6.11;11.21;2.24;0.0;0.0;0.0;0.0;27.21;5.44;0.0;0.0;0.0;0.0;0.0;0.0;19.43;4.94;0;0;256.91;2.69;Gross Distance (> 25.0 km/h)
889777;0.0;0.0;74.91;20.99;29.21;8.21;0.0;0.0;4.9;2.5;39.42;9.44;10.71;3.95;0.0;0.0;10.15;4.65;0.0;0.0;0;0;0.0;0.0;30.53;11.53;11.21;4.25;0.0;0.0;0.0;0.0;27.21;7.86;0.0;0.0;0.0;0.0;0.0;0.0;18.67;8.45;0;0;256.91;5.04;Net Distance (> 25.0 km/h)
889777;0.0;0.0;18.55;5.2;0.99;0.28;8.89;2.51;24.62;12.58;0.0;0.0;29.79;10.99;0.0;0.0;0.0;0.0;0.0;0.0;0;0;4.76;1.45;9.53;3.6;25.4;9.62;8.34;4.21;6.86;2.61;4.32;1.25;0.0;0.0;0.0;0.0;19.17;7.29;34.25;15.51;0;0;;8.92;Net Distance (> 25.0 km/h) - DEF
889777;30.51;12.41;25.64;7.19;23.02;6.47;12.06;3.41;12.87;6.58;18.13;4.34;14.36;5.3;23.04;10.95;12.41;5.69;0.0;0.0;0;0;18.9;5.77;0.0;0.0;13.94;5.28;12.68;6.4;2.38;0.91;14.77;4.26;14.06;12.19;26.57;13.48;1.08;0.41;2.28;1.03;0;0;;15.31;Net Distance (> 25.0 km/h) - ATT
889777;9.0;3.66;3.0;0.84;5.0;1.4;4.0;1.13;1.0;0.51;6.0;1.44;5.0;1.85;7.0;3.33;7.0;3.21;0.0;0.0;0;0;9.0;2.75;2.0;0.76;5.0;1.89;7.0;3.53;4.0;1.52;7.0;2.02;1.0;0.87;5.0;2.54;7.0;2.66;3.0;1.36;0;0;97.0;1.9;Run Count (>1.0s | 15.0 - 20.0 km/h)
889777;4.0;1.63;2.0;0.56;3.0;0.84;2.0;0.57;2.0;1.02;1.0;0.24;3.0;1.11;1.0;0.48;1.0;0.46;0.0;0.0;0;0;1.0;0.31;2.0;0.76;3.0;1.14;1.0;0.5;1.0;0.38;1.0;0.29;2.0;1.73;1.0;0.51;2.0;0.76;1.0;0.45;0;0;34.0;0.67;High Intensity Run Count (>1.0s | 20.0 - 25.0 km/h)
889777;0.0;0.0;3.0;0.84;1.0;0.28;0.0;0.0;0.0;0.0;2.0;0.48;1.0;0.37;0.0;0.0;1.0;0.46;0.0;0.0;0;0;0.0;0.0;1.0;0.38;1.0;0.38;0.0;0.0;0.0;0.0;1.0;0.29;0.0;0.0;0.0;0.0;0.0;0.0;1.0;0.45;0;0;12.0;0.24;Sprint Count (>1.0s | >25.0 km/h)
890110;621.97;124.39;758.17;151.63;643.65;128.73;672.38;134.48;393.94;78.79;714.95;142.99;603.76;120.75;502.26;100.45;496.18;99.24;67.87;40.16;0;0;782.3;156.46;572.65;114.53;562.29;112.46;494.83;98.97;544.09;108.82;656.48;131.3;389.86;77.97;523.64;104.73;545.53;109.11;475.78;120.96;0;0;11022.29;115.27;Gross Distance (Total)
890110;398.82;162.23;665.24;186.43;540.01;151.69;574.3;162.46;276.05;141.08;651.73;156.04;420.78;155.27;349.46;166.01;306.53;140.5;12.44;106.63;0;0;624.53;190.6;415.52;156.9;436.51;165.34;310.78;156.83;403.99;153.71;574.01;165.74;196.12;170.05;312.13;158.31;410.74;156.17;354.0;160.3;0;0;8233.69;161.54;Net Distance (Total)
890110;139.5;56.75;228.34;63.99;160.8;45.17;182.73;51.69;162.18;82.89;147.76;35.38;156.92;57.9;229.45;109.0;135.71;62.2;0.0;0.0;0;0;200.68;61.25;177.51;67.03;229.54;86.95;204.47;103.18;201.4;76.63;170.52;49.24;69.74;60.47;179.78;91.18;165.02;62.75;154.19;69.82;0;0;;175.65;Net Distance (Total) - DEF
890110;165.73;67.42;181.93;50.98;152.25;42.77;126.36;35.75;117.84;60.22;144.57;34.61;152.88;56.41;152.21;72.31;136.19;62.42;0.0;0.0;0;0;180.36;55.04;132.19;49.91;165.22;62.58;152.88;77.15;112.58;42.83;139.65;40.32;178.23;154.53;120.8;61.27;116.7;44.37;116.48;52.75;0;0;;147.1;Net Distance (Total) - ATT
890110;184.17;36.83;138.37;27.67;181.92;36.38;205.15;41.03;175.52;35.1;191.11;38.22;214.56;42.91;184.96;36.99;236.95;47.39;58.62;34.69;0;0;189.85;37.97;194.79;38.96;176.68;35.34;187.56;37.51;206.41;41.28;125.79;25.16;188.25;37.65;218.16;43.63;163.75;32.75;156.95;39.9;0;0;3579.51;37.43;Gross Distance (0 - 7.0 km/h)
890110;67.05;27.27;75.91;21.27;110.68;31.09;121.55;34.38;63.33;32.37;133.95;32.07;80.45;29.69;65.1;30.93;86.81;39.79;4.93;42.26;0;0;108.87;33.23;77.97;29.44;58.28;22.08;52.87;26.68;100.33;38.17;71.76;20.72;29.68;25.73;41.03;20.81;64.1;24.37;68.73;31.12;0;0;1483.37;29.1;Net Distance (0 - 7.0 km/h)
890110;39.27;15.97;18.56;5.2;26.67;7.49;26.46;7.49;13.94;7.12;31.79;7.61;26.91;9.93;25.75;12.23;45.13;20.69;0.0;0.0;0;0;18.42;5.62;23.4;8.84;22.45;8.5;23.18;11.7;17.21;6.55;25.99;7.5;69.74;60.47;24.99;12.67;22.01;8.37;26.72;12.1;0;0;;25.54;Net Distance (0 - 7.0 km/h) - DEF
890110;28.6;11.63;20.24;5.67;29.78;8.37;51.26;14.5;40.6;20.75;38.39;9.19;29.93;11.04;30.81;14.64;40.54;18.58;0.0;0.0;0;0;13.4;4.09;36.51;13.79;17.74;6.72;18.53;9.35;57.28;21.79;24.03;6.94;24.3;21.07;19.05;9.66;35.19;13.38;44.82;20.3;0;0;;31.94;Net Distance (0 - 7.0 km/h) - ATT
890110;342.51;68.5;345.18;69.04;337.25;67.45;298.34;59.67;153.63;30.73;355.99;71.2;307.36;61.47;192.06;38.41;164.56;32.91;9.25;5.47;0;0;394.96;78.99;260.64;52.13;258.84;51.77;203.7;40.74;207.9;41.58;401.0;80.2;139.88;27.98;217.11;43.42;283.18;56.64;206.5;52.5;0;0;5079.58;53.12;Gross Distance (7.0 - 15.0 km/h)
890110;240.73;97.92;317.63;89.01;304.86;85.63;283.86;80.3;147.94;75.61;349.93;83.78;265.49;97.97;159.12;75.59;147.14;67.44;7.51;64.37;0;0;340.99;104.07;226.56;85.55;251.46;95.25;157.52;79.49;173.88;66.16;381.32;110.1;104.71;90.79;185.66;94.16;254.29;96.69;182.29;82.55;0;0;4482.86;87.95;Net Distance (7.0 - 15.0 km/h)
890110;88.32;35.93;54.87;15.38;89.2;25.06;80.9;22.89;82.0;41.91;71.52;17.12;105.73;39.01;51.24;24.34;81.66;37.43;0.0;0.0;0;0;120.33;36.72;103.43;39.05;52.29;19.81;78.37;39.55;89.36;34.0;97.72;28.22;0.0;0.0;88.0;44.63;92.73;35.26;105.76;47.89;0;0;;87.48;Net Distance (7.0 - 15.0  km/h) - DEF
890110;91.4;37.18;113.0;31.67;89.05;25.01;67.6;19.12;67.34;34.42;76.59;18.34;87.73;32.37;96.5;45.84;55.87;25.61;0.0;0.0;0;0;111.39;33.99;76.81;29.0;103.62;39.25;102.4;51.67;33.57;12.77;110.16;31.81;86.93;75.37;67.03;34.0;74.64;28.38;68.36;30.96;0;0;;83.97;Net Distance (7.0 - 15.0  km/h) - ATT
890110;71.39;14.28;188.6;37.72;88.27;17.65;115.69;23.14;60.35;12.07;115.56;23.11;71.0;14.2;74.45;14.89;75.59;15.12;0.0;0.0;0;0;138.8;27.76;100.01;20.0;79.39;15.88;88.11;17.62;105.79;21.16;110.1;22.02;46.83;9.37;69.79;13.96;78.7;15.74;63.57;16.16;0;0;1742.0;18.22;Gross Distance (15.0 - 20.0 km/h)
890110;67.14;27.31;185.68;52.04;88.27;24.79;115.69;32.73;60.35;30.84;115.56;27.67;64.01;23.62;74.45;35.37;68.21;31.27;0.0;0.0;0;0;126.3;38.55;93.78;35.41;79.39;30.07;84.94;42.86;105.79;40.25;101.35;29.26;46.83;40.6;68.73;34.86;72.45;27.55;54.22;24.55;0;0;1673.14;32.83;Net Distance (15.0 - 20.0 km/h)
890110;11.9;4.84;38.68;10.84;14.85;4.17;32.68;9.24;31.71;16.21;8.98;2.15;17.38;6.41;52.09;24.75;4.8;2.2;0.0;0.0;0;0;19.63;5.99;22.6;8.53;19.81;7.5;17.79;8.98;56.14;21.36;28.53;8.24;0.0;0.0;51.53;26.14;11.89;4.52;12.33;5.58;0;0;;25.39;Net Distance (15.0 - 20.0 km/h) - DEF
890110;28.04;11.41;24.8;6.95;14.92;4.19;1.53;0.43;7.33;3.75;23.06;5.52;22.91;8.45;13.16;6.25;24.84;11.39;0.0;0.0;0;0;22.74;6.94;17.41;6.57;23.34;8.84;31.95;16.12;10.35;3.94;5.46;1.58;12.31;10.67;3.82;1.94;6.86;2.61;0.56;0.25;0;0;;16.8;Net Distance (15.0 - 20.0 km/h) - ATT
890110;23.9;4.78;78.4;15.68;36.2;7.24;52.51;10.5;4.44;0.89;52.29;10.46;10.83;2.17;15.44;3.09;19.08;3.82;0.0;0.0;0;0;48.16;9.63;17.2;3.44;38.52;7.7;15.45;3.09;24.0;4.8;19.59;3.92;14.9;2.98;18.57;3.71;19.9;3.98;33.35;8.48;0;0;542.74;5.68;Gross Distance (20.0 - 25.0 km/h)
890110;23.9;9.72;78.4;21.97;36.2;10.17;52.51;14.85;4.44;2.27;52.29;12.52;10.83;4.0;15.44;7.33;4.38;2.01;0.0;0.0;0;0;37.83;11.55;17.2;6.49;38.52;14.59;15.45;7.8;24.0;9.13;19.59;5.66;14.9;12.92;16.71;8.48;19.9;7.57;33.35;15.1;0;0;515.85;10.12;Net Distance (20.0 - 25.0 km/h)
890110;0.0;0.0;30.68;8.6;8.42;2.37;21.43;6.06;34.54;17.65;15.83;3.79;3.09;1.14;12.27;5.83;4.13;1.89;0.0;0.0;0;0;1.66;0.51;26.57;10.03;19.5;7.39;47.49;23.96;34.55;13.15;7.31;2.11;0.0;0.0;7.98;4.05;27.49;10.45;9.37;4.24;0;0;;16.25;Net Distance (20.0 - 25.0 km/h) - DEF
890110;5.02;2.04;13.49;3.78;11.74;3.3;1.95;0.55;2.57;1.31;3.25;0.78;8.07;2.98;9.31;4.42;14.95;6.85;0.0;0.0;0;0;25.67;7.83;1.46;0.55;6.62;2.51;0.0;0.0;5.62;2.14;0.0;0.0;37.73;32.71;20.4;10.35;0.0;0.0;0.76;0.34;0;0;;8.88;Net Distance (20.0 - 25.0 km/h) - ATT
890110;0.0;0.0;7.62;1.52;0.0;0.0;0.69;0.14;0.0;0.0;0.0;0.0;0.0;0.0;35.35;7.07;0.0;0.0;0.0;0.0;0;0;10.53;2.11;0.0;0.0;8.85;1.77;0.0;0.0;0.0;0.0;0.0;0.0;0.0;0.0;0.0;0.0;0.0;0.0;15.41;3.92;0;0;78.46;0.82;Gross Distance (> 25.0 km/h)
890110;0.0;0.0;7.62;2.14;0.0;0.0;0.69;0.2;0.0;0.0;0.0;0.0;0.0;0.0;35.35;16.79;0.0;0.0;0.0;0.0;0;0;10.53;3.21;0.0;0.0;8.85;3.35;0.0;0.0;0.0;0.0;0.0;0.0;0.0;0.0;0.0;0.0;0.0;0.0;15.41;6.98;0;0;78.46;1.54;Net Distance (> 25.0 km/h)
890110;0.0;0.0;81.15;22.74;21.66;6.08;21.26;6.01;0.0;0.0;19.63;4.7;3.8;1.4;19.21;9.13;0.0;0.0;0.0;0.0;0;0;27.7;8.45;1.5;0.57;115.5;43.75;37.64;18.99;4.15;1.58;10.97;3.17;0.0;0.0;7.28;3.69;10.9;4.14;0.0;0.0;0;0;;18.13;Net Distance (> 25.0 km/h) - DEF
890110;12.66;5.15;8.95;2.51;6.76;1.9;4.01;1.13;0.0;0.0;3.28;0.79;4.25;1.57;2.43;1.15;0.0;0.0;0.0;0.0;0;0;7.17;2.19;0.0;0.0;11.03;4.18;0.0;0.0;5.75;2.19;0.0;0.0;16.96;14.71;10.49;5.32;0.0;0.0;1.99;0.9;0;0;;5.22;Net Distance (> 25.0 km/h) - ATT
890110;1.0;0.41;7.0;1.96;7.0;1.97;4.0;1.13;6.0;3.07;5.0;1.2;6.0;2.21;5.0;2.38;4.0;1.83;0.0;0.0;0;0;8.0;2.44;6.0;2.27;3.0;1.14;5.0;2.52;6.0;2.28;8.0;2.31;0.0;0.0;6.0;3.04;4.0;1.52;4.0;1.81;0;0;95.0;1.86;Run Count (>1.0s | 15.0 - 20.0 km/h)
890110;2.0;0.81;4.0;1.12;2.0;0.56;4.0;1.13;0.0;0.0;4.0;0.96;1.0;0.37;0.0;0.0;1.0;0.46;0.0;0.0;0;0;2.0;0.61;2.0;0.76;3.0;1.14;1.0;0.5;2.0;0.76;1.0;0.29;2.0;1.73;1.0;0.51;2.0;0.76;1.0;0.45;0;0;35.0;0.69;High Intensity Run Count (>1.0s | 20.0 - 25.0 km/h)
890110;0.0;0.0;0.0;0.0;0.0;0.0;0.0;0.0;0.0;0.0;0.0;0.0;0.0;0.0;1.0;0.48;0.0;0.0;0.0;0.0;0;0;1.0;0.31;0.0;0.0;0.0;0.0;0.0;0.0;0.0;0.0;0.0;0.0;0.0;0.0;0.0;0.0;0.0;0.0;1.0;0.45;0;0;3.0;0.06;Sprint Count (>1.0s | >25.0 km/h)
890443;662.3;132.46;778.11;155.62;734.97;146.99;692.28;138.46;492.89;98.58;671.65;134.33;625.66;125.13;516.24;103.25;518.47;103.69;99.37;58.8;0;0;709.65;141.93;597.06;119.41;572.18;114.44;514.42;102.88;561.8;112.36;600.6;120.12;86.53;37.46;0.0;0.0;0.0;0.0;0.0;0.0;0;0;9434.16;119.42;Gross Distance (Total)
890443;400.57;162.94;646.57;181.2;591.75;166.22;577.49;163.36;284.61;145.46;599.51;143.54;422.3;155.83;342.81;162.86;276.27;126.63;10.4;89.14;0;0;561.72;171.43;382.97;144.61;401.89;152.23;285.11;143.87;390.34;148.51;506.8;146.33;3.35;67.0;0.0;0.0;0.0;0.0;0.0;0.0;0;0;6684.45;155.25;Net Distance (Total)
890443;123.43;50.21;179.8;50.39;198.76;55.83;165.75;46.89;146.14;74.69;151.91;36.37;171.61;63.32;202.82;96.35;135.77;62.23;0.0;0.0;0;0;178.34;54.43;170.19;64.26;127.65;48.35;129.36;65.28;170.59;64.9;142.11;41.03;0.0;0.0;0.0;0.0;0.0;0.0;0.0;0.0;0;0;;163.43;Net Distance (Total) - DEF
890443;158.79;64.59;185.91;52.1;145.55;40.88;160.46;45.39;140.67;71.89;128.97;30.88;136.68;50.44;175.05;83.16;127.56;58.47;0.0;0.0;0;0;155.88;47.57;123.02;46.45;137.66;52.14;182.61;92.15;148.92;56.66;169.32;48.89;0.0;0.0;0.0;0.0;0.0;0.0;0.0;0.0;0;0;;149.64;Net Distance (Total) - ATT
890443;201.4;40.28;185.86;37.17;216.4;43.28;243.67;48.73;266.93;53.39;246.9;49.38;214.1;42.82;217.99;43.6;289.2;57.84;94.36;55.83;0;0;237.52;47.5;292.44;58.49;257.75;51.55;265.39;53.08;271.58;54.32;248.29;49.66;49.77;21.55;0.0;0.0;0.0;0.0;0.0;0.0;0;0;3799.55;48.1;Gross Distance (0 - 7.0 km/h)
890443;90.51;36.82;99.33;27.84;123.55;34.71;130.02;36.78;89.24;45.61;196.93;47.15;95.57;35.27;83.74;39.78;103.37;47.38;9.67;82.89;0;0;151.33;46.18;116.92;44.15;103.16;39.08;87.13;43.97;117.95;44.88;156.79;45.27;3.35;67.0;0.0;0.0;0.0;0.0;0.0;0.0;0;0;1758.58;40.84;Net Distance (0 - 7.0 km/h)
890443;49.41;20.1;17.16;4.81;20.22;5.68;30.24;8.55;47.7;24.38;47.0;11.25;26.62;9.82;25.04;11.9;50.81;23.29;0.0;0.0;0;0;23.62;7.21;33.83;12.77;76.56;29.0;51.29;25.88;38.77;14.75;52.8;15.25;0.0;0.0;0.0;0.0;0.0;0.0;0.0;0.0;0;0;;36.37;Net Distance (0 - 7.0 km/h) - DEF
890443;39.74;16.17;27.15;7.61;42.05;11.81;37.84;10.7;46.23;23.63;51.16;12.25;44.73;16.51;43.19;20.52;45.61;20.91;0.0;0.0;0;0;38.91;11.87;52.06;19.66;42.03;15.92;33.25;16.78;49.57;18.86;40.34;11.65;0.0;0.0;0.0;0.0;0.0;0.0;0.0;0.0;0;0;;42.45;Net Distance (0 - 7.0 km/h) - ATT
890443;294.11;58.82;387.03;77.41;308.88;61.78;244.44;48.89;114.74;22.95;234.08;46.82;304.3;60.86;145.64;29.13;151.28;30.26;1.76;1.04;0;0;310.94;62.19;210.74;42.15;180.68;36.14;143.57;28.71;163.07;32.61;206.3;41.26;10.49;4.54;0.0;0.0;0.0;0.0;0.0;0.0;0;0;3412.06;43.19;Gross Distance (7.0 - 15.0 km/h)
890443;171.83;69.9;342.03;95.85;258.51;72.62;243.3;68.83;90.77;46.39;211.91;50.74;228.31;84.25;114.23;54.27;95.38;43.72;0.73;6.26;0;0;258.64;78.93;185.24;69.95;167.19;63.33;112.84;56.94;145.25;55.26;203.99;58.9;0.0;0.0;0.0;0.0;0.0;0.0;0.0;0.0;0;0;2830.17;65.73;Net Distance (7.0 - 15.0 km/h)
890443;66.94;27.23;157.16;44.04;96.85;27.21;74.7;21.13;41.91;21.42;49.94;11.96;74.46;27.48;50.44;23.96;43.73;20.04;0.0;0.0;0;0;109.94;33.55;89.28;33.71;21.57;8.17;50.06;25.26;65.1;24.77;46.71;13.49;0.0;0.0;0.0;0.0;0.0;0.0;0.0;0.0;0;0;;74.89;Net Distance (7.0 - 15.0  km/h) - DEF
890443;64.45;26.22;85.12;23.85;59.65;16.76;75.37;21.32;47.48;24.27;48.24;11.55;78.9;29.11;34.23;16.26;42.91;19.67;0.0;0.0;0;0;64.53;19.69;52.05;19.65;63.65;24.11;45.23;22.82;35.51;13.51;62.11;17.93;0.0;0.0;0.0;0.0;0.0;0.0;0.0;0.0;0;0;;58.7;Net Distance (7.0 - 15.0  km/h) - ATT
890443;88.91;17.78;92.12;18.42;146.86;29.37;166.65;33.33;73.16;14.63;98.77;19.75;68.68;13.74;89.04;17.81;46.07;9.21;3.24;1.92;0;0;92.29;18.46;66.4;13.28;100.54;20.11;68.37;13.67;52.98;10.6;90.76;18.15;26.26;11.37;0.0;0.0;0.0;0.0;0.0;0.0;0;0;1371.11;17.36;Gross Distance (15.0 - 20.0 km/h)
890443;60.36;24.55;92.12;25.82;146.86;41.25;166.65;47.14;68.13;34.82;98.77;23.65;59.84;22.08;81.27;38.61;45.6;20.9;0.0;0.0;0;0;84.89;25.91;53.32;20.13;98.32;37.24;48.04;24.24;52.98;20.16;90.76;26.21;0.0;0.0;0.0;0.0;0.0;0.0;0.0;0.0;0;0;1247.9;28.98;Net Distance (15.0 - 20.0 km/h)
890443;7.08;2.88;0.0;0.0;37.51;10.54;41.5;11.74;28.29;14.46;18.08;4.33;23.59;8.7;91.41;43.43;6.53;2.99;0.0;0.0;0;0;13.68;4.17;12.29;4.64;0.0;0.0;11.27;5.69;31.71;12.06;24.38;7.04;0.0;0.0;0.0;0.0;0.0;0.0;0.0;0.0;0;0;;24.25;Net Distance (15.0 - 20.0 km/h) - DEF
890443;5.19;2.11;13.61;3.81;10.03;2.82;9.62;2.72;30.72;15.7;9.38;2.25;10.38;3.83;20.93;9.94;9.98;4.57;0.0;0.0;0;0;14.99;4.57;14.37;5.43;23.72;8.98;15.44;7.79;9.16;3.49;7.48;2.16;0.0;0.0;0.0;0.0;0.0;0.0;0.0;0.0;0;0;;13.13;Net Distance (15.0 - 20.0 km/h) - ATT
890443;67.13;13.43;74.96;14.99;58.75;11.75;32.0;6.4;23.5;4.7;86.4;17.28;38.58;7.72;26.28;5.26;31.92;6.38;0.0;0.0;0;0;68.91;13.78;27.48;5.5;33.22;6.64;37.09;7.42;42.32;8.46;36.55;7.31;0.0;0.0;0.0;0.0;0.0;0.0;0.0;0.0;0;0;685.09;8.67;Gross Distance (20.0 - 25.0 km/h)
890443;67.13;27.31;74.96;21.01;58.75;16.5;32.0;9.05;21.91;11.2;86.4;20.69;38.58;14.24;26.28;12.48;31.92;14.63;0.0;0.0;0;0;66.85;20.4;27.48;10.38;33.22;12.58;37.09;18.72;42.32;16.1;36.55;10.55;0.0;0.0;0.0;0.0;0.0;0.0;0.0;0.0;0;0;681.45;15.83;Net Distance (20.0 - 25.0 km/h)
890443;0.0;0.0;0.6;0.17;22.29;6.26;19.31;5.46;13.68;6.99;25.54;6.11;14.72;5.43;35.93;17.07;5.84;2.68;0.0;0.0;0;0;7.37;2.25;10.36;3.91;0.0;0.0;13.44;6.78;13.65;5.19;10.58;3.05;0.0;0.0;0.0;0.0;0.0;0.0;0.0;0.0;0;0;;13.9;Net Distance (20.0 - 25.0 km/h) - DEF
890443;7.33;2.98;12.82;3.59;20.26;5.69;29.13;8.24;9.39;4.8;9.98;2.39;2.67;0.99;6.94;3.3;15.86;7.27;0.0;0.0;0;0;13.37;4.08;4.54;1.71;4.53;1.72;29.45;14.86;5.91;2.25;19.05;5.5;0.0;0.0;0.0;0.0;0.0;0.0;0.0;0.0;0;0;;12.19;Net Distance (20.0 - 25.0 km/h) - ATT
890443;10.74;2.15;38.13;7.63;4.07;0.81;5.51;1.1;14.56;2.91;5.51;1.1;0.0;0.0;37.29;7.46;0.0;0.0;0.0;0.0;0;0;0.0;0.0;0.0;0.0;0.0;0.0;0.0;0.0;31.84;6.37;18.7;3.74;0.0;0.0;0.0;0.0;0.0;0.0;0.0;0.0;0;0;166.35;2.11;Gross Distance (> 25.0 km/h)
890443;10.74;4.37;38.13;10.69;4.07;1.14;5.51;1.56;14.56;7.44;5.51;1.32;0.0;0.0;37.29;17.71;0.0;0.0;0.0;0.0;0;0;0.0;0.0;0.0;0.0;0.0;0.0;0.0;0.0;31.84;12.11;18.7;5.4;0.0;0.0;0.0;0.0;0.0;0.0;0.0;0.0;0;0;166.35;3.86;Net Distance (> 25.0 km/h)
890443;0.0;0.0;4.88;1.37;21.89;6.15;0.0;0.0;14.57;7.45;11.35;2.72;32.21;11.89;0.0;0.0;28.85;13.22;0.0;0.0;0;0;23.73;7.24;24.43;9.22;29.51;11.18;3.31;1.67;21.37;8.13;7.64;2.21;0.0;0.0;0.0;0.0;0.0;0.0;0.0;0.0;0;0;;14.02;Net Distance (> 25.0 km/h) - DEF
890443;34.66;14.1;23.22;6.51;13.57;3.81;8.5;2.4;6.86;3.51;10.2;2.44;0.0;0.0;31.45;14.94;13.2;6.05;0.0;0.0;0;0;24.08;7.35;0.0;0.0;3.72;1.41;59.24;29.89;21.03;8.0;22.06;6.37;0.0;0.0;0.0;0.0;0.0;0.0;0.0;0.0;0;0;;16.31;Net Distance (> 25.0 km/h) - ATT
890443;4.0;1.63;6.0;1.68;8.0;2.25;8.0;2.26;5.0;2.56;4.0;0.96;4.0;1.48;5.0;2.38;2.0;0.92;0.0;0.0;0;0;7.0;2.14;2.0;0.76;7.0;2.65;3.0;1.51;1.0;0.38;6.0;1.73;1.0;20.0;0.0;0.0;0.0;0.0;0.0;0.0;0;0;73.0;1.7;Run Count (>1.0s | 15.0 - 20.0 km/h)
890443;1.0;0.41;4.0;1.12;4.0;1.12;3.0;0.85;0.0;0.0;4.0;0.96;3.0;1.11;0.0;0.0;2.0;0.92;0.0;0.0;0;0;4.0;1.22;3.0;1.13;2.0;0.76;2.0;1.01;2.0;0.76;2.0;0.58;0.0;0.0;0.0;0.0;0.0;0.0;0.0;0.0;0;0;36.0;0.84;High Intensity Run Count (>1.0s | 20.0 - 25.0 km/h)
890443;1.0;0.41;1.0;0.28;0.0;0.0;0.0;0.0;1.0;0.51;0.0;0.0;0.0;0.0;2.0;0.95;0.0;0.0;0.0;0.0;0;0;0.0;0.0;0.0;0.0;0.0;0.0;0.0;0.0;1.0;0.38;1.0;0.29;0.0;0.0;0.0;0.0;0.0;0.0;0.0;0.0;0;0;7.0;0.16;Sprint Count (>1.0s | >25.0 km/h)
891109;0.0;0.0;0.0;0.0;0.0;0.0;0.0;0.0;0.0;0.0;0.0;0.0;0.0;0.0;0.0;0.0;0.0;0.0;0.0;0.0;0;0;0.0;0.0;0.0;0.0;0.0;0.0;0.0;0.0;0.0;0.0;0.0;0.0;362.53;116.26;506.74;101.35;564.95;112.99;414.61;105.41;0;0;1848.61;108.42;Gross Distance (Total)
891109;0.0;0.0;0.0;0.0;0.0;0.0;0.0;0.0;0.0;0.0;0.0;0.0;0.0;0.0;0.0;0.0;0.0;0.0;0.0;0.0;0;0;0.0;0.0;0.0;0.0;0.0;0.0;0.0;0.0;0.0;0.0;0.0;0.0;181.53;164.78;273.62;138.54;398.19;151.79;289.98;131.51;0;0;1143.33;144.63;Net Distance (Total)
891109;0.0;0.0;0.0;0.0;0.0;0.0;0.0;0.0;0.0;0.0;0.0;0.0;0.0;0.0;0.0;0.0;0.0;0.0;0.0;0.0;0;0;0.0;0.0;0.0;0.0;0.0;0.0;0.0;0.0;0.0;0.0;0.0;0.0;151.2;137.25;163.22;82.64;205.64;78.39;155.16;70.37;0;0;;177.21;Net Distance (Total) - DEF
891109;0.0;0.0;0.0;0.0;0.0;0.0;0.0;0.0;0.0;0.0;0.0;0.0;0.0;0.0;0.0;0.0;0.0;0.0;0.0;0.0;0;0;0.0;0.0;0.0;0.0;0.0;0.0;0.0;0.0;0.0;0.0;0.0;0.0;176.49;160.2;118.3;59.9;117.1;44.64;114.8;52.06;0;0;;132.55;Net Distance (Total) - ATT
891109;0.0;0.0;0.0;0.0;0.0;0.0;0.0;0.0;0.0;0.0;0.0;0.0;0.0;0.0;0.0;0.0;0.0;0.0;0.0;0.0;0;0;0.0;0.0;0.0;0.0;0.0;0.0;0.0;0.0;0.0;0.0;0.0;0.0;96.09;30.81;224.71;44.94;200.56;40.11;193.51;49.2;0;0;714.87;41.93;Gross Distance (0 - 7.0 km/h)
891109;0.0;0.0;0.0;0.0;0.0;0.0;0.0;0.0;0.0;0.0;0.0;0.0;0.0;0.0;0.0;0.0;0.0;0.0;0.0;0.0;0;0;0.0;0.0;0.0;0.0;0.0;0.0;0.0;0.0;0.0;0.0;0.0;0.0;29.77;27.02;74.09;37.51;78.51;29.93;107.73;48.86;0;0;290.1;36.7;Net Distance (0 - 7.0 km/h)
891109;0.0;0.0;0.0;0.0;0.0;0.0;0.0;0.0;0.0;0.0;0.0;0.0;0.0;0.0;0.0;0.0;0.0;0.0;0.0;0.0;0;0;0.0;0.0;0.0;0.0;0.0;0.0;0.0;0.0;0.0;0.0;0.0;0.0;39.44;35.8;29.02;14.69;17.65;6.73;43.56;19.76;0;0;;28.26;Net Distance (0 - 7.0 km/h) - DEF
891109;0.0;0.0;0.0;0.0;0.0;0.0;0.0;0.0;0.0;0.0;0.0;0.0;0.0;0.0;0.0;0.0;0.0;0.0;0.0;0.0;0;0;0.0;0.0;0.0;0.0;0.0;0.0;0.0;0.0;0.0;0.0;0.0;0.0;21.36;19.39;48.75;24.68;39.29;14.98;59.58;27.02;0;0;;41.65;Net Distance (0 - 7.0 km/h) - ATT
891109;0.0;0.0;0.0;0.0;0.0;0.0;0.0;0.0;0.0;0.0;0.0;0.0;0.0;0.0;0.0;0.0;0.0;0.0;0.0;0.0;0;0;0.0;0.0;0.0;0.0;0.0;0.0;0.0;0.0;0.0;0.0;0.0;0.0;179.31;57.5;234.35;46.87;269.75;53.95;158.45;40.28;0;0;841.64;49.36;Gross Distance (7.0 - 15.0 km/h)
891109;0.0;0.0;0.0;0.0;0.0;0.0;0.0;0.0;0.0;0.0;0.0;0.0;0.0;0.0;0.0;0.0;0.0;0.0;0.0;0.0;0;0;0.0;0.0;0.0;0.0;0.0;0.0;0.0;0.0;0.0;0.0;0.0;0.0;120.77;109.62;163.01;82.54;225.05;85.79;120.78;54.78;0;0;629.61;79.65;Net Distance (7.0 - 15.0 km/h)
891109;0.0;0.0;0.0;0.0;0.0;0.0;0.0;0.0;0.0;0.0;0.0;0.0;0.0;0.0;0.0;0.0;0.0;0.0;0.0;0.0;0;0;0.0;0.0;0.0;0.0;0.0;0.0;0.0;0.0;0.0;0.0;0.0;0.0;111.76;101.45;99.12;50.19;117.63;44.84;57.28;25.98;0;0;;97.49;Net Distance (7.0 - 15.0  km/h) - DEF
891109;0.0;0.0;0.0;0.0;0.0;0.0;0.0;0.0;0.0;0.0;0.0;0.0;0.0;0.0;0.0;0.0;0.0;0.0;0.0;0.0;0;0;0.0;0.0;0.0;0.0;0.0;0.0;0.0;0.0;0.0;0.0;0.0;0.0;119.84;108.78;63.37;32.09;53.19;20.28;24.95;11.32;0;0;;64.13;Net Distance (7.0 - 15.0  km/h) - ATT
891109;0.0;0.0;0.0;0.0;0.0;0.0;0.0;0.0;0.0;0.0;0.0;0.0;0.0;0.0;0.0;0.0;0.0;0.0;0.0;0.0;0;0;0.0;0.0;0.0;0.0;0.0;0.0;0.0;0.0;0.0;0.0;0.0;0.0;74.66;23.94;47.69;9.54;27.3;5.46;62.66;15.93;0;0;212.3;12.45;Gross Distance (15.0 - 20.0 km/h)
891109;0.0;0.0;0.0;0.0;0.0;0.0;0.0;0.0;0.0;0.0;0.0;0.0;0.0;0.0;0.0;0.0;0.0;0.0;0.0;0.0;0;0;0.0;0.0;0.0;0.0;0.0;0.0;0.0;0.0;0.0;0.0;0.0;0.0;31.0;28.14;36.52;18.49;27.3;10.41;61.47;27.88;0;0;156.29;19.77;Net Distance (15.0 - 20.0 km/h)
891109;0.0;0.0;0.0;0.0;0.0;0.0;0.0;0.0;0.0;0.0;0.0;0.0;0.0;0.0;0.0;0.0;0.0;0.0;0.0;0.0;0;0;0.0;0.0;0.0;0.0;0.0;0.0;0.0;0.0;0.0;0.0;0.0;0.0;0.0;0.0;17.64;8.93;1.87;0.71;38.98;17.68;0;0;;15.63;Net Distance (15.0 - 20.0 km/h) - DEF
891109;0.0;0.0;0.0;0.0;0.0;0.0;0.0;0.0;0.0;0.0;0.0;0.0;0.0;0.0;0.0;0.0;0.0;0.0;0.0;0.0;0;0;0.0;0.0;0.0;0.0;0.0;0.0;0.0;0.0;0.0;0.0;0.0;0.0;33.64;30.54;6.18;3.13;10.74;4.09;6.0;2.72;0;0;;14.91;Net Distance (15.0 - 20.0 km/h) - ATT
891109;0.0;0.0;0.0;0.0;0.0;0.0;0.0;0.0;0.0;0.0;0.0;0.0;0.0;0.0;0.0;0.0;0.0;0.0;0.0;0.0;0;0;0.0;0.0;0.0;0.0;0.0;0.0;0.0;0.0;0.0;0.0;0.0;0.0;12.47;4.0;0.0;0.0;56.08;11.22;0.0;0.0;0;0;68.56;4.02;Gross Distance (20.0 - 25.0 km/h)
891109;0.0;0.0;0.0;0.0;0.0;0.0;0.0;0.0;0.0;0.0;0.0;0.0;0.0;0.0;0.0;0.0;0.0;0.0;0.0;0.0;0;0;0.0;0.0;0.0;0.0;0.0;0.0;0.0;0.0;0.0;0.0;0.0;0.0;0.0;0.0;0.0;0.0;56.08;21.38;0.0;0.0;0;0;56.08;7.09;Net Distance (20.0 - 25.0 km/h)
891109;0.0;0.0;0.0;0.0;0.0;0.0;0.0;0.0;0.0;0.0;0.0;0.0;0.0;0.0;0.0;0.0;0.0;0.0;0.0;0.0;0;0;0.0;0.0;0.0;0.0;0.0;0.0;0.0;0.0;0.0;0.0;0.0;0.0;0.0;0.0;17.45;8.84;2.99;1.14;15.34;6.96;0;0;;10.79;Net Distance (20.0 - 25.0 km/h) - DEF
891109;0.0;0.0;0.0;0.0;0.0;0.0;0.0;0.0;0.0;0.0;0.0;0.0;0.0;0.0;0.0;0.0;0.0;0.0;0.0;0.0;0;0;0.0;0.0;0.0;0.0;0.0;0.0;0.0;0.0;0.0;0.0;0.0;0.0;1.65;1.5;0.0;0.0;1.94;0.74;24.28;11.01;0;0;;8.18;Net Distance (20.0 - 25.0 km/h) - ATT
891109;0.0;0.0;0.0;0.0;0.0;0.0;0.0;0.0;0.0;0.0;0.0;0.0;0.0;0.0;0.0;0.0;0.0;0.0;0.0;0.0;0;0;0.0;0.0;0.0;0.0;0.0;0.0;0.0;0.0;0.0;0.0;0.0;0.0;0.0;0.0;0.0;0.0;11.25;2.25;0.0;0.0;0;0;11.25;0.66;Gross Distance (> 25.0 km/h)
891109;0.0;0.0;0.0;0.0;0.0;0.0;0.0;0.0;0.0;0.0;0.0;0.0;0.0;0.0;0.0;0.0;0.0;0.0;0.0;0.0;0;0;0.0;0.0;0.0;0.0;0.0;0.0;0.0;0.0;0.0;0.0;0.0;0.0;0.0;0.0;0.0;0.0;11.25;4.29;0.0;0.0;0;0;11.25;1.42;Net Distance (> 25.0 km/h)
891109;0.0;0.0;0.0;0.0;0.0;0.0;0.0;0.0;0.0;0.0;0.0;0.0;0.0;0.0;0.0;0.0;0.0;0.0;0.0;0.0;0;0;0.0;0.0;0.0;0.0;0.0;0.0;0.0;0.0;0.0;0.0;0.0;0.0;0.0;0.0;0.0;0.0;50.67;19.32;0.0;0.0;0;0;;19.37;Net Distance (> 25.0 km/h) - DEF
891109;0.0;0.0;0.0;0.0;0.0;0.0;0.0;0.0;0.0;0.0;0.0;0.0;0.0;0.0;0.0;0.0;0.0;0.0;0.0;0.0;0;0;0.0;0.0;0.0;0.0;0.0;0.0;0.0;0.0;0.0;0.0;0.0;0.0;0.0;0.0;0.0;0.0;9.2;3.51;0.0;0.0;0;0;;2.83;Net Distance (> 25.0 km/h) - ATT
891109;0.0;0.0;0.0;0.0;0.0;0.0;0.0;0.0;0.0;0.0;0.0;0.0;0.0;0.0;0.0;0.0;0.0;0.0;0.0;0.0;0;0;0.0;0.0;0.0;0.0;0.0;0.0;0.0;0.0;0.0;0.0;0.0;0.0;4.0;3.63;4.0;2.03;1.0;0.38;3.0;1.36;0;0;12.0;1.52;Run Count (>1.0s | 15.0 - 20.0 km/h)
891109;0.0;0.0;0.0;0.0;0.0;0.0;0.0;0.0;0.0;0.0;0.0;0.0;0.0;0.0;0.0;0.0;0.0;0.0;0.0;0.0;0;0;0.0;0.0;0.0;0.0;0.0;0.0;0.0;0.0;0.0;0.0;0.0;0.0;1.0;0.91;0.0;0.0;2.0;0.76;0.0;0.0;0;0;3.0;0.38;High Intensity Run Count (>1.0s | 20.0 - 25.0 km/h)
891109;0.0;0.0;0.0;0.0;0.0;0.0;0.0;0.0;0.0;0.0;0.0;0.0;0.0;0.0;0.0;0.0;0.0;0.0;0.0;0.0;0;0;0.0;0.0;0.0;0.0;0.0;0.0;0.0;0.0;0.0;0.0;0.0;0.0;0.0;0.0;0.0;0.0;1.0;0.38;0.0;0.0;0;0;1.0;0.13;Sprint Count (>1.0s | >25.0 km/h)